member,title,source_path,section,source_url,sha256
pages/0473aaf44d8c91bb.md,Быстрый старт,docs/AI/index.md,Быстрый старт,https://github.com/Pr-Mex/vanessa-automation/blob/a2d584ced20332e7174abf94770c2dd986845a2a/docs/AI/index.md,8833bb79cb3a46ca3ab1bd50fbbd6f82ef0e69c9463cc2a2206ec0d49f220ed3
pages/67ddacf9dd44c2ca.md,"Пример запуска сеанса 1С из командной строки так, чтобы сразу запустился MCP сервер",docs/AI/index.md,"Пример запуска сеанса 1С из командной строки так, чтобы сразу запустился MCP сервер",https://github.com/Pr-Mex/vanessa-automation/blob/a2d584ced20332e7174abf94770c2dd986845a2a/docs/AI/index.md,4dc81f77718a5c0e56d42e782b91bfd62696746a8ea628f3adcad7f38defa698
pages/ea41c96fd7bde1fa.md,MCP инструмент activate_process_os,docs/AI/index.md,activate_process_os,https://github.com/Pr-Mex/vanessa-automation/blob/a2d584ced20332e7174abf94770c2dd986845a2a/docs/AI/index.md,7ec823167e9e2e39ab1349f0401fa468bb52cbd3c8f7f6daf89330b452a34c05
pages/1b9186ebdec2e93f.md,MCP инструмент check_syntax,docs/AI/index.md,check_syntax,https://github.com/Pr-Mex/vanessa-automation/blob/a2d584ced20332e7174abf94770c2dd986845a2a/docs/AI/index.md,df6341a463a023099c09058ec77a2b2fa3aa18432ba28780cb4c2a4afca84ee5
pages/64ad3ac815720542.md,MCP инструмент close_test_client,docs/AI/index.md,close_test_client,https://github.com/Pr-Mex/vanessa-automation/blob/a2d584ced20332e7174abf94770c2dd986845a2a/docs/AI/index.md,1c6a0c0cc199014d3c8b87ab5079e87f2579997d0e7dd82322df77f4eaef5d51
pages/4f03d541f516224e.md,MCP инструмент execute_feature_step,docs/AI/index.md,execute_feature_step,https://github.com/Pr-Mex/vanessa-automation/blob/a2d584ced20332e7174abf94770c2dd986845a2a/docs/AI/index.md,b2aafc757c6049c284a2e3025cb17c73be2375a24ff53b5bb9029caf5668c9ef
pages/5deb12f7a9d30966.md,MCP инструмент execute_form_actions,docs/AI/index.md,execute_form_actions,https://github.com/Pr-Mex/vanessa-automation/blob/a2d584ced20332e7174abf94770c2dd986845a2a/docs/AI/index.md,16ee2f95e33adfaa26b53d4779cacce06ad1539f9bab3cd7ce489ccda3dabcc2
pages/6cd134889d3539f1.md,MCP инструмент frequently_used_steps,docs/AI/index.md,frequently_used_steps,https://github.com/Pr-Mex/vanessa-automation/blob/a2d584ced20332e7174abf94770c2dd986845a2a/docs/AI/index.md,03c2898247a8c6aa97d6571f96e77015b7f46ccf24b0588f131ab9088fb67973
pages/42f5e6942714db39.md,MCP инструмент get_active_window_data,docs/AI/index.md,get_active_window_data,https://github.com/Pr-Mex/vanessa-automation/blob/a2d584ced20332e7174abf94770c2dd986845a2a/docs/AI/index.md,c99dae9eaa249c0a16bf376bc584ce88aaf23512857f663f9d75f11e9f70a28a
pages/15d5ebab5c230ca8.md,MCP инструмент get_data_from_knowledge_base,docs/AI/index.md,get_data_from_knowledge_base,https://github.com/Pr-Mex/vanessa-automation/blob/a2d584ced20332e7174abf94770c2dd986845a2a/docs/AI/index.md,6f5ba6af1bf39a5cc2363288ee581ff0655fefddb5c0563d62ede8cea35542b9
pages/fa6e19f2682eae14.md,MCP инструмент get_editor_state,docs/AI/index.md,get_editor_state,https://github.com/Pr-Mex/vanessa-automation/blob/a2d584ced20332e7174abf94770c2dd986845a2a/docs/AI/index.md,923300565be0e44af1fd4f89afc75394ad34df3ac7c0a3de916980db8d206a36
pages/c9af6c024f22c953.md,MCP инструмент get_environment_data,docs/AI/index.md,get_environment_data,https://github.com/Pr-Mex/vanessa-automation/blob/a2d584ced20332e7174abf94770c2dd986845a2a/docs/AI/index.md,a2fac988dcedde26168445f6d91e467c94619443e979cb2ff8d8d61dd9cff752
pages/1f3b2188c791748a.md,MCP инструмент get_extension_list,docs/AI/index.md,get_extension_list,https://github.com/Pr-Mex/vanessa-automation/blob/a2d584ced20332e7174abf94770c2dd986845a2a/docs/AI/index.md,69a6419b98eb0e41a896867f7dee04c14e7b67cd80c7d6f5da30d2d58fe6bd48
pages/e53ad58010c46efd.md,MCP инструмент get_form_analysis,docs/AI/index.md,get_form_analysis,https://github.com/Pr-Mex/vanessa-automation/blob/a2d584ced20332e7174abf94770c2dd986845a2a/docs/AI/index.md,dc77d80aee488d756a6473bfd8aa3d4d8d7b846655409523e565cb71e9bba396
pages/24d2fe6495fa4200.md,MCP инструмент get_form_element_data,docs/AI/index.md,get_form_element_data,https://github.com/Pr-Mex/vanessa-automation/blob/a2d584ced20332e7174abf94770c2dd986845a2a/docs/AI/index.md,15c8179db30d279c05a70d8ee9208141a77a1a963c0c11c8f4afc5af1665ab22
pages/0d69355846aca522.md,MCP инструмент get_info_about_line_scenario,docs/AI/index.md,get_info_about_line_scenario,https://github.com/Pr-Mex/vanessa-automation/blob/a2d584ced20332e7174abf94770c2dd986845a2a/docs/AI/index.md,457e78d087d506227c0e9c1f669b583bfce8d6fe0dd553dd00765731e8f55624
pages/86c1e9607f6adace.md,MCP инструмент get_object_attributes,docs/AI/index.md,get_object_attributes,https://github.com/Pr-Mex/vanessa-automation/blob/a2d584ced20332e7174abf94770c2dd986845a2a/docs/AI/index.md,e69fbaff8997bb6902ab5d2fdfb70445bd7fa3b5c228b9a1252c485f80755cc7
pages/b9e6ce2c7f5570f5.md,MCP инструмент get_process_list_os,docs/AI/index.md,get_process_list_os,https://github.com/Pr-Mex/vanessa-automation/blob/a2d584ced20332e7174abf94770c2dd986845a2a/docs/AI/index.md,5cc43c41cae69ca870b0b3b13720ac4ff5a328074cd084a1933914af964fdeca
pages/20b851094cee7146.md,MCP инструмент get_table_data,docs/AI/index.md,get_table_data,https://github.com/Pr-Mex/vanessa-automation/blob/a2d584ced20332e7174abf94770c2dd986845a2a/docs/AI/index.md,bde8b7020b9ee4945c4a0ae88a1c02f509fb3693f7d86168fb54128d58bb8674
pages/e8750cc409c62ef3.md,MCP инструмент get_test_results,docs/AI/index.md,get_test_results,https://github.com/Pr-Mex/vanessa-automation/blob/a2d584ced20332e7174abf94770c2dd986845a2a/docs/AI/index.md,978adea9d4c28f3032da2fab32886412583a590a974692c024115adf006638eb
pages/1fc3ecdad798e249.md,MCP инструмент get_vanessa_automation_state,docs/AI/index.md,get_vanessa_automation_state,https://github.com/Pr-Mex/vanessa-automation/blob/a2d584ced20332e7174abf94770c2dd986845a2a/docs/AI/index.md,e154fabd4186c54a0cec05040ebda89bc0ad52f07f031a57fd57e55763dfe1ac
pages/f36ac8f91d1d3f08.md,MCP инструмент get_window_list_os,docs/AI/index.md,get_window_list_os,https://github.com/Pr-Mex/vanessa-automation/blob/a2d584ced20332e7174abf94770c2dd986845a2a/docs/AI/index.md,cfdc310bacb23dc4296c7cdf6746691b7bdbef98b2365422217752425602b597
pages/18fede8a241ff4b8.md,MCP инструмент get_window_list_testclient,docs/AI/index.md,get_window_list_testclient,https://github.com/Pr-Mex/vanessa-automation/blob/a2d584ced20332e7174abf94770c2dd986845a2a/docs/AI/index.md,cffd6d4bf9dbb73fc35b61d540be09d0ed694221e333db9fdce919a7e892e422
pages/4a9c7d7a5a7911fa.md,MCP инструмент get_window_screenshot_os,docs/AI/index.md,get_window_screenshot_os,https://github.com/Pr-Mex/vanessa-automation/blob/a2d584ced20332e7174abf94770c2dd986845a2a/docs/AI/index.md,96f55879fd5f113e3fa7f7de9a45a5e2bb2b250e79bb527aaa99c6d918208481
pages/93390251eb25304c.md,MCP инструмент load_features,docs/AI/index.md,load_features,https://github.com/Pr-Mex/vanessa-automation/blob/a2d584ced20332e7174abf94770c2dd986845a2a/docs/AI/index.md,ce3f99c29483912c2a1027ad14202dafdc63585c19385be7b359e0a0a2acf712
pages/7b64bc03b3f0874c.md,MCP инструмент manage_breakpoints,docs/AI/index.md,manage_breakpoints,https://github.com/Pr-Mex/vanessa-automation/blob/a2d584ced20332e7174abf94770c2dd986845a2a/docs/AI/index.md,d0207c28c27b2f95cfe3124c40459f9f0177237ecfe36f94358d7c8b278f1598
pages/b66d6c0f290c1685.md,MCP инструмент manage_command_interface,docs/AI/index.md,manage_command_interface,https://github.com/Pr-Mex/vanessa-automation/blob/a2d584ced20332e7174abf94770c2dd986845a2a/docs/AI/index.md,6f56a16400ba06e509be2fb886940a9de93f722f8beb9ffabeb8b656e9e5927c
pages/a5f3831e90d831d5.md,MCP инструмент manage_form_elements,docs/AI/index.md,manage_form_elements,https://github.com/Pr-Mex/vanessa-automation/blob/a2d584ced20332e7174abf94770c2dd986845a2a/docs/AI/index.md,b07dc3722578b962f7f8b982b000baca386b9723d41a9c217e001062bba9c7f6
pages/251f572684a97558.md,MCP инструмент manage_test_client,docs/AI/index.md,manage_test_client,https://github.com/Pr-Mex/vanessa-automation/blob/a2d584ced20332e7174abf94770c2dd986845a2a/docs/AI/index.md,4e97fee710cedaee5b3bfd34a433afd1c7e0de8d5feac8cdb9322ca9b150f67a
pages/344d688d9de5e77c.md,MCP инструмент manage_test_client_profiles,docs/AI/index.md,manage_test_client_profiles,https://github.com/Pr-Mex/vanessa-automation/blob/a2d584ced20332e7174abf94770c2dd986845a2a/docs/AI/index.md,484986571e7df4da7d35ad19b78fabf68d70245d4610b188ddc46224b9fdc118
pages/35dec71d403b5716.md,MCP инструмент manage_uiautomation,docs/AI/index.md,manage_uiautomation,https://github.com/Pr-Mex/vanessa-automation/blob/a2d584ced20332e7174abf94770c2dd986845a2a/docs/AI/index.md,79f9a5b01bf0e7b9b276734e204b83d6366876c1826c88c27d31cb01c0997f1f
pages/bb64d41c17b5254e.md,MCP инструмент manage_variables,docs/AI/index.md,manage_variables,https://github.com/Pr-Mex/vanessa-automation/blob/a2d584ced20332e7174abf94770c2dd986845a2a/docs/AI/index.md,7b5136f95b6e69a6747942ea6d85ccc1592ebd647e1e7145ffb0ebd43a1797a2
pages/b60193cfe96afda5.md,MCP инструмент open_feature_file,docs/AI/index.md,open_feature_file,https://github.com/Pr-Mex/vanessa-automation/blob/a2d584ced20332e7174abf94770c2dd986845a2a/docs/AI/index.md,02493bc089601a0887cf4c76af5d68b424080797db1931975466b4b067e61b35
pages/94a0fcf416177486.md,MCP инструмент run_scenario,docs/AI/index.md,run_scenario,https://github.com/Pr-Mex/vanessa-automation/blob/a2d584ced20332e7174abf94770c2dd986845a2a/docs/AI/index.md,802fb7ad24adc587376a816505605fb9d097ed4901a093e892ec2e0fcb0f8a94
pages/e28e5ac6f51697fa.md,MCP инструмент save_table_document_to_file,docs/AI/index.md,save_table_document_to_file,https://github.com/Pr-Mex/vanessa-automation/blob/a2d584ced20332e7174abf94770c2dd986845a2a/docs/AI/index.md,4cb4221321d019b0435a7ed35918de5bd540c40e9621683ce6665375a95b0f30
pages/51724cc2a7d86363.md,MCP инструмент search_for_steps_by_keywords,docs/AI/index.md,search_for_steps_by_keywords,https://github.com/Pr-Mex/vanessa-automation/blob/a2d584ced20332e7174abf94770c2dd986845a2a/docs/AI/index.md,bed0a0fb2ac974af9aa650c260cad814ed255882f072b6891a0c7a9b1c27e036
pages/0c0eba975925570d.md,MCP инструмент select_scenario,docs/AI/index.md,select_scenario,https://github.com/Pr-Mex/vanessa-automation/blob/a2d584ced20332e7174abf94770c2dd986845a2a/docs/AI/index.md,e3037ab25a3221abf4f08f7518a32619f69ed4bd41e355f9386e111a157a6636
pages/6663dd0a45b6e317.md,MCP инструмент select_step,docs/AI/index.md,select_step,https://github.com/Pr-Mex/vanessa-automation/blob/a2d584ced20332e7174abf94770c2dd986845a2a/docs/AI/index.md,10ad42b95cc0cf3fdb13ced13f0f4dcef8148c23e6024b5ef4ea279c61cd31e8
pages/4c6f96d57985c9d6.md,MCP инструмент stop_scenario,docs/AI/index.md,stop_scenario,https://github.com/Pr-Mex/vanessa-automation/blob/a2d584ced20332e7174abf94770c2dd986845a2a/docs/AI/index.md,9f694ab7e7ea96c282eb190cde974f0e15943bc98c7933c07c69e8514ff5360f
pages/2dda20c720228dce.md,MCP инструмент user_actions_recording,docs/AI/index.md,user_actions_recording,https://github.com/Pr-Mex/vanessa-automation/blob/a2d584ced20332e7174abf94770c2dd986845a2a/docs/AI/index.md,7825c3fbffd9966def42c9364b00c31199087f52539cee5a0f0b1b11cfc1d114
pages/26e6c4136389bf33.md,MCP инструмент voice_notification,docs/AI/index.md,voice_notification,https://github.com/Pr-Mex/vanessa-automation/blob/a2d584ced20332e7174abf94770c2dd986845a2a/docs/AI/index.md,0fea1f7d7d30820602dd1d8bb7e9068bb5339840bd358dcc2276c4fb563ceca4
pages/110630da408aeb7f.md,MCP инструмент window_management,docs/AI/index.md,window_management,https://github.com/Pr-Mex/vanessa-automation/blob/a2d584ced20332e7174abf94770c2dd986845a2a/docs/AI/index.md,1478e471e4b17813082581af9a6dc87f72ffb40917493eb2b99d9355d7f28da8
pages/b3298e17d4834300.md,Параметры запуска из командной строки,docs/CommandSetting/CommandSetting.md,Параметры запуска из командной строки,https://github.com/Pr-Mex/vanessa-automation/blob/a2d584ced20332e7174abf94770c2dd986845a2a/docs/CommandSetting/CommandSetting.md,2aa7c5ce10db95c3d2bbac1fb4b49c291e35507035ce3a4876fe3d209e10d498
pages/f18ce76eeae8a224.md,Установка расширений при запуске из командной строки (InstallExtensionsAndClose),docs/CommandSetting/CommandSetting.md,Установка расширений при запуске из командной строки (InstallExtensionsAndClose),https://github.com/Pr-Mex/vanessa-automation/blob/a2d584ced20332e7174abf94770c2dd986845a2a/docs/CommandSetting/CommandSetting.md,a2b4dd777a002a69caf5639eba05c800068ff9254402c3d28024465a911d2531
pages/2d88ee74b55cb3e1.md,"FAQ — Как пропустить сценарий, чтобы он не падал?",docs/FAQ/index.md,"1. Как пропустить сценарий, чтобы он не падал?",https://github.com/Pr-Mex/vanessa-automation/blob/a2d584ced20332e7174abf94770c2dd986845a2a/docs/FAQ/index.md,b069a89dd56b7dea85c6952323f641844cc21882e4cb23b7d85a40a37fabfd62
pages/3cdc47950eaa60ce.md,FAQ — Как запомнить навигационную ссылку?,docs/FAQ/index.md,23. Как запомнить навигационную ссылку?,https://github.com/Pr-Mex/vanessa-automation/blob/a2d584ced20332e7174abf94770c2dd986845a2a/docs/FAQ/index.md,1197e435e6a6460e852d6d9cfba5892ac36be5d28f77972c5cd72a164e706de0
pages/2456b9e27b32a263.md,Как подключить браузер Chrome через debug порт,docs/FAQ/Браузер.md,Как подключить браузер Chrome через debug порт,https://github.com/Pr-Mex/vanessa-automation/blob/a2d584ced20332e7174abf94770c2dd986845a2a/docs/FAQ/%D0%91%D1%80%D0%B0%D1%83%D0%B7%D0%B5%D1%80.md,72f299958eb26b588b59468a15dc0068d6c3fcd6467518a9c1f2b4009bc07065
pages/b738ce6460a41469.md,Как запустить сценарий Vanessa Automation без открытия формы,docs/InteractiveHelp/ЗапускБезОткрытияФормы.md,Как запустить сценарий Vanessa Automation без открытия формы,https://github.com/Pr-Mex/vanessa-automation/blob/a2d584ced20332e7174abf94770c2dd986845a2a/docs/InteractiveHelp/%D0%97%D0%B0%D0%BF%D1%83%D1%81%D0%BA%D0%91%D0%B5%D0%B7%D0%9E%D1%82%D0%BA%D1%80%D1%8B%D1%82%D0%B8%D1%8F%D0%A4%D0%BE%D1%80%D0%BC%D1%8B.md,15074763c1e0ff704d8ce22733b2c1c6ef3361a9cfb43ae8a7b81af01238d84c
pages/a090b6942d60dde9.md,Тестирование электронной почты (библиотека ИнтернетПочта),docs/InternetMail/InternetMail.md,Тестирование электронной почты (библиотека ИнтернетПочта),https://github.com/Pr-Mex/vanessa-automation/blob/a2d584ced20332e7174abf94770c2dd986845a2a/docs/InternetMail/InternetMail.md,3c9da12e85640f4320c96cfb25c42c3855334c40a1194bf9ce2b6956f857c0ea
pages/ec2bc3557bf39071.md,Мини-пример,docs/InternetMail/InternetMail.md,Мини-пример,https://github.com/Pr-Mex/vanessa-automation/blob/a2d584ced20332e7174abf94770c2dd986845a2a/docs/InternetMail/InternetMail.md,48097271597e6b51f3167a846e56ac124c0bdea16419b59b6c0d43e298517fe1
pages/a71660dcc78f5411.md,Шаги,docs/InternetMail/InternetMail.md,Шаги,https://github.com/Pr-Mex/vanessa-automation/blob/a2d584ced20332e7174abf94770c2dd986845a2a/docs/InternetMail/InternetMail.md,4e39231ef412be9f234a2cb4fa372f9f7642a48b30764ed1cb2e01650efd8bd4
pages/d0a59864fb9a3f59.md,Ограничения,docs/InternetMail/InternetMail.md,Ограничения,https://github.com/Pr-Mex/vanessa-automation/blob/a2d584ced20332e7174abf94770c2dd986845a2a/docs/InternetMail/InternetMail.md,20556c31f3df2ceebe7dbaea954e2970d39e2cd443e74f1fc678c062ab8f4107
pages/0dc91e4796e482ba.md,VAParams GlobalVars {GlobalVars},docs/JsonParams/JsonParamsRU.md,Глобальные переменные / GlobalVars {GlobalVars},https://github.com/Pr-Mex/vanessa-automation/blob/a2d584ced20332e7174abf94770c2dd986845a2a/docs/JsonParams/JsonParamsRU.md,874c625923d8f04fb41c30b6769e063d0e9df495b7b753a49dadbbd2418e5815
pages/aacb25d22b79054e.md,VAParams КаталогФич {featurepath},docs/JsonParams/JsonParamsRU.md,Основные / КаталогФич {featurepath},https://github.com/Pr-Mex/vanessa-automation/blob/a2d584ced20332e7174abf94770c2dd986845a2a/docs/JsonParams/JsonParamsRU.md,32cc3af896384a36b11650f3092acb5272186e216f64a8ab8612217435e9ca4a
pages/d185b9769610cef7.md,VAParams СписокТеговИсключение {ignoretags},docs/JsonParams/JsonParamsRU.md,Основные / СписокТеговИсключение {ignoretags},https://github.com/Pr-Mex/vanessa-automation/blob/a2d584ced20332e7174abf94770c2dd986845a2a/docs/JsonParams/JsonParamsRU.md,505ea7a0e35cc7857861631b8ef4c497ade70870eee4e0a36e66933478dba3c7
pages/1769e81ce87579bd.md,VAParams СписокТеговОтбор {filtertags},docs/JsonParams/JsonParamsRU.md,Основные / СписокТеговОтбор {filtertags},https://github.com/Pr-Mex/vanessa-automation/blob/a2d584ced20332e7174abf94770c2dd986845a2a/docs/JsonParams/JsonParamsRU.md,be63b0c660113b5e0089a0750d4b2b53f5012767b97799ffb83287ef5c2213ad
pages/f684104757f4d37e.md,VAParams СписокСценариевДляВыполнения {scenariofilter},docs/JsonParams/JsonParamsRU.md,Основные / СписокСценариевДляВыполнения {scenariofilter},https://github.com/Pr-Mex/vanessa-automation/blob/a2d584ced20332e7174abf94770c2dd986845a2a/docs/JsonParams/JsonParamsRU.md,3bd969f6e47b5853b341b9a1e43f487758e4551a4ae8adc0947d6d98a78a2075
pages/4fe443cf93c3c3a6.md,VAParams СписокФичДляВыполнения {FeaturesToRun},docs/JsonParams/JsonParamsRU.md,Основные / СписокФичДляВыполнения {FeaturesToRun},https://github.com/Pr-Mex/vanessa-automation/blob/a2d584ced20332e7174abf94770c2dd986845a2a/docs/JsonParams/JsonParamsRU.md,cfe6c302b7a3f275538ccb52ecd6fb624e300d8c5dedd5a8367f9eba0915c4fa
pages/427b89c8ff740278.md,VAParams ЯзыкГенератораGherkin {gherkinlanguage},docs/JsonParams/JsonParamsRU.md,Основные / ЯзыкГенератораGherkin {gherkinlanguage},https://github.com/Pr-Mex/vanessa-automation/blob/a2d584ced20332e7174abf94770c2dd986845a2a/docs/JsonParams/JsonParamsRU.md,d2b3796435f247df9b945aa7e4a17ef457efa6bef16882fc3bfc5cfa626b5d9b
pages/fc5ce83cfbf57beb.md,VAParams ДобавлятьПриНакликиванииМетаИнформацию {addmetainformationclicking},docs/JsonParams/JsonParamsRU.md,Основные / ДобавлятьПриНакликиванииМетаИнформацию {addmetainformationclicking},https://github.com/Pr-Mex/vanessa-automation/blob/a2d584ced20332e7174abf94770c2dd986845a2a/docs/JsonParams/JsonParamsRU.md,537fb82d9ef77a7fef806295534735506a3600d8d92925a527aca8dcc4717380
pages/9d021bb3265fc849.md,VAParams ИскатьЭлементыФормыПоИмени {searchformelementsbyname},docs/JsonParams/JsonParamsRU.md,Основные / ИскатьЭлементыФормыПоИмени {searchformelementsbyname},https://github.com/Pr-Mex/vanessa-automation/blob/a2d584ced20332e7174abf94770c2dd986845a2a/docs/JsonParams/JsonParamsRU.md,f7e73e2ff785d93e285c232cec25e80e7ec2229450d63db5174fa0d438058660
pages/2572ed2ffb040f3b.md,VAParams ПоказыватьОкноОстановкиЗаписиДействийПользователя {ShowWindowToStopRecordingUserActions},docs/JsonParams/JsonParamsRU.md,Основные / ПоказыватьОкноОстановкиЗаписиДействийПользователя {ShowWindowToStopRecordingUserActions},https://github.com/Pr-Mex/vanessa-automation/blob/a2d584ced20332e7174abf94770c2dd986845a2a/docs/JsonParams/JsonParamsRU.md,237088073185b44c92a0e4e84e7bbe7a2f5c3472c076d670eda65c25f4e62d51
pages/a9bcc1ea667e23b6.md,VAParams ИспользоватьКомпонентуVanessaExt {useaddin},docs/JsonParams/JsonParamsRU.md,Основные / ИспользоватьКомпонентуVanessaExt {useaddin},https://github.com/Pr-Mex/vanessa-automation/blob/a2d584ced20332e7174abf94770c2dd986845a2a/docs/JsonParams/JsonParamsRU.md,b2511c771da2eae1bb5a064914d14f69aa1ec222e5f441be7f15ca3befec4f76
pages/a825fa119a2bd48c.md,VAParams ИспользоватьПарсерGherkinИзКомпонентыVanessaExt {usethegherkinparserfromthevanessaextaddin},docs/JsonParams/JsonParamsRU.md,Основные / ИспользоватьПарсерGherkinИзКомпонентыVanessaExt {usethegherkinparserfromthevanessaextaddin},https://github.com/Pr-Mex/vanessa-automation/blob/a2d584ced20332e7174abf94770c2dd986845a2a/docs/JsonParams/JsonParamsRU.md,40f79de2d16656dda7044d5a70fc019dedfd95fb93e143354e29faeed4487139
pages/ef1b38dfd276b68a.md,VAParams ПоискФайловСПомощьюКомпонентыVanessaExt {SearchingForFilesUsingTheVanessaExtComponent},docs/JsonParams/JsonParamsRU.md,Основные / ПоискФайловСПомощьюКомпонентыVanessaExt {SearchingForFilesUsingTheVanessaExtComponent},https://github.com/Pr-Mex/vanessa-automation/blob/a2d584ced20332e7174abf94770c2dd986845a2a/docs/JsonParams/JsonParamsRU.md,fdd00e4da185609bbebf5d1354acd6be227b5304b37845e6d0b92978fed2688c
pages/9e9591bb5d28cde5.md,VAParams ЗавершатьРаботуЕслиНеПолучилосьВыполнитьТихуюУстановкуКомпоненты {QuitIfSilentInstallationAddinFails},docs/JsonParams/JsonParamsRU.md,Основные / ЗавершатьРаботуЕслиНеПолучилосьВыполнитьТихуюУстановкуКомпоненты {QuitIfSilentInstallationAddinFails},https://github.com/Pr-Mex/vanessa-automation/blob/a2d584ced20332e7174abf94770c2dd986845a2a/docs/JsonParams/JsonParamsRU.md,536a8821b2c8153c6ee198bbbc40898381ee76b329087adcb2535e73edc8e47e
pages/7a8a67e9560c13d3.md,VAParams КаталогПроекта {projectpath},docs/JsonParams/JsonParamsRU.md,Основные / КаталогПроекта {projectpath},https://github.com/Pr-Mex/vanessa-automation/blob/a2d584ced20332e7174abf94770c2dd986845a2a/docs/JsonParams/JsonParamsRU.md,8b23fb183c144c4be9d458fe2778da86250484b03fa381ad9ef269e21c304adb
pages/a17e127398c49e28.md,VAParams ИспользоватьШаблонНовойФичи {UseTemplateForNewFeature},docs/JsonParams/JsonParamsRU.md,Основные / ИспользоватьШаблонНовойФичи {UseTemplateForNewFeature},https://github.com/Pr-Mex/vanessa-automation/blob/a2d584ced20332e7174abf94770c2dd986845a2a/docs/JsonParams/JsonParamsRU.md,c7bfdbb3c11dba358420051267b76e1fae36ce875d583e565de115d7d07deb7f
pages/e3eacce226923ab5.md,VAParams КаталогИнструментов {instrpath},docs/JsonParams/JsonParamsRU.md,Основные / КаталогИнструментов {instrpath},https://github.com/Pr-Mex/vanessa-automation/blob/a2d584ced20332e7174abf94770c2dd986845a2a/docs/JsonParams/JsonParamsRU.md,94fe4bb62f8b497d0790efb082d951834ddac52fc6c3eb23616516e00aded7a9
pages/3d79aa8982b73f4b.md,VAParams КаталогВременныхФайлов {TemporaryFilesDirectory},docs/JsonParams/JsonParamsRU.md,Основные / КаталогВременныхФайлов {TemporaryFilesDirectory},https://github.com/Pr-Mex/vanessa-automation/blob/a2d584ced20332e7174abf94770c2dd986845a2a/docs/JsonParams/JsonParamsRU.md,867196a18b2e6eee992d398cca23f6231f79a88faea7fe1d73a41d8dbc37bde3
pages/448eaf735a72af63.md,VAParams ДымовыеТестыКаталогВыходныхФайлов {SmokeTestsDirectoryOutputFiles},docs/JsonParams/JsonParamsRU.md,Основные / ДымовыеТестыКаталогВыходныхФайлов {SmokeTestsDirectoryOutputFiles},https://github.com/Pr-Mex/vanessa-automation/blob/a2d584ced20332e7174abf94770c2dd986845a2a/docs/JsonParams/JsonParamsRU.md,6ec3f59e433837e45adcf2562663671d3699bc5643a25a69c7e2073e36267273
pages/983180612c707cf1.md,VAParams ДымовыеТестыКаталогФайловИсключений {SmokeTestsDirectoryFileExceptions},docs/JsonParams/JsonParamsRU.md,Основные / ДымовыеТестыКаталогФайловИсключений {SmokeTestsDirectoryFileExceptions},https://github.com/Pr-Mex/vanessa-automation/blob/a2d584ced20332e7174abf94770c2dd986845a2a/docs/JsonParams/JsonParamsRU.md,ef2eca03a8e6ad45fcc6b397ecf004a4f76f961f8f5cb0bf7439dfeee5f6d5b8
pages/d01226912a250e72.md,VAParams ДымовыеТестыПутьКФайлуНастроекСценариев {SmokeTestsPathToFileSettingsScripts},docs/JsonParams/JsonParamsRU.md,Основные / ДымовыеТестыПутьКФайлуНастроекСценариев {SmokeTestsPathToFileSettingsScripts},https://github.com/Pr-Mex/vanessa-automation/blob/a2d584ced20332e7174abf94770c2dd986845a2a/docs/JsonParams/JsonParamsRU.md,a96a2452e6b49424467cb4a0c54b492e43641ce0789ea1c5c945bd313cdfd58e
pages/781369ed4a8a0e41.md,VAParams ДымовыеТестыОчищатьКаталогВыходныхФайлов {SmokeTestsCleanDirectoryOutputFiles},docs/JsonParams/JsonParamsRU.md,Основные / ДымовыеТестыОчищатьКаталогВыходныхФайлов {SmokeTestsCleanDirectoryOutputFiles},https://github.com/Pr-Mex/vanessa-automation/blob/a2d584ced20332e7174abf94770c2dd986845a2a/docs/JsonParams/JsonParamsRU.md,b13c352c06a24b53fc3dcb88f3d26e2e21002f63f704494746e582dea368419a
pages/72400acec2aef0d7.md,VAParams ДымовыеТестыТолькоВведенныеОбъекты {SmokeTestsOnlyEnteredObjects},docs/JsonParams/JsonParamsRU.md,Основные / ДымовыеТестыТолькоВведенныеОбъекты {SmokeTestsOnlyEnteredObjects},https://github.com/Pr-Mex/vanessa-automation/blob/a2d584ced20332e7174abf94770c2dd986845a2a/docs/JsonParams/JsonParamsRU.md,8b6aca789e0fefc2e0172c7ae98310b304aecd36cc6c2834a26d41b71e0508e1
pages/bdcc4b10a4dadb9a.md,VAParams ДымовыеТестыТолькоИзмененныеОтносительноКонфигурацииПоставщика {SmokeTestsOnlyChangedRelativeToVendorConfiguration},docs/JsonParams/JsonParamsRU.md,Основные / ДымовыеТестыТолькоИзмененныеОтносительноКонфигурацииПоставщика {SmokeTestsOnlyChangedRelativeToVendorConfiguration},https://github.com/Pr-Mex/vanessa-automation/blob/a2d584ced20332e7174abf94770c2dd986845a2a/docs/JsonParams/JsonParamsRU.md,532f3bcf88ba0aec52001c4017ea69b5ae5e7b426a46afb42a05675af1cc686b
pages/d070774627df596e.md,VAParams ДымовыеТестыИмяКонфигурацииПоставщика {SmokeTestsVendorConfigurationName},docs/JsonParams/JsonParamsRU.md,Основные / ДымовыеТестыИмяКонфигурацииПоставщика {SmokeTestsVendorConfigurationName},https://github.com/Pr-Mex/vanessa-automation/blob/a2d584ced20332e7174abf94770c2dd986845a2a/docs/JsonParams/JsonParamsRU.md,d05d974004c9b78ebe8febcedc237b99f90756cb236b4d311d87af4514cc8418
pages/c08984886647e164.md,VAParams ТегTreeВключенПоУмолчанию {thetreetagisenabledbydefault},docs/JsonParams/JsonParamsRU.md,Основные / ТегTreeВключенПоУмолчанию {thetreetagisenabledbydefault},https://github.com/Pr-Mex/vanessa-automation/blob/a2d584ced20332e7174abf94770c2dd986845a2a/docs/JsonParams/JsonParamsRU.md,8d406bd2c68fbab9ab392ce6fb35331a6f588b7cff927b8688a8daf8891a284a
pages/6dabc6084d140c5a.md,VAParams ВычислятьВыраженияВФигурныхСкобках {EvaluateExpressionsInCurlyBraces},docs/JsonParams/JsonParamsRU.md,Основные / ВычислятьВыраженияВФигурныхСкобках {EvaluateExpressionsInCurlyBraces},https://github.com/Pr-Mex/vanessa-automation/blob/a2d584ced20332e7174abf94770c2dd986845a2a/docs/JsonParams/JsonParamsRU.md,5151aad780abeb2cd6e68f118fe5d79f331570afa7a9377244f00688227b1e71
pages/ad6970810b7c777f.md,VAParams ЗагрузкаФичПриОткрытии {DownloadFeaturesOpen},docs/JsonParams/JsonParamsRU.md,Основные / ЗагрузкаФичПриОткрытии {DownloadFeaturesOpen},https://github.com/Pr-Mex/vanessa-automation/blob/a2d584ced20332e7174abf94770c2dd986845a2a/docs/JsonParams/JsonParamsRU.md,3ff919ae152ca68544e673dcc2df9c6c48335ae8afafd8ac64c236f6d8b64370
pages/a941096690bf2200.md,VAParams ПоставщикПользовательскихНастроек {usersettingsprovider},docs/JsonParams/JsonParamsRU.md,Основные / ПоставщикПользовательскихНастроек {usersettingsprovider},https://github.com/Pr-Mex/vanessa-automation/blob/a2d584ced20332e7174abf94770c2dd986845a2a/docs/JsonParams/JsonParamsRU.md,79eac19f109064ddc5d1dd4faa59de8b271ff5872aa79bf967c0707d780f62d6
pages/59483c4754b41b2f.md,VAParams АдресПользовательскихНастроек {addressofcustomsettings},docs/JsonParams/JsonParamsRU.md,Основные / АдресПользовательскихНастроек {addressofcustomsettings},https://github.com/Pr-Mex/vanessa-automation/blob/a2d584ced20332e7174abf94770c2dd986845a2a/docs/JsonParams/JsonParamsRU.md,d5a0a527f99cb1dd379c7ec24e83201cdb1145aefc2f1d87d2d46c9417929129
pages/77d2b23f57b85006.md,VAParams КомандаОткрытияФичиВТекстовомРедакторе {commandtoopenfeatureintexteditor},docs/JsonParams/JsonParamsRU.md,Основные / КомандаОткрытияФичиВТекстовомРедакторе {commandtoopenfeatureintexteditor},https://github.com/Pr-Mex/vanessa-automation/blob/a2d584ced20332e7174abf94770c2dd986845a2a/docs/JsonParams/JsonParamsRU.md,65438639724d1f93ced0af476711121db66f2062a0446071e92c98ef00117dbd
pages/0d034f1c793f9a76.md,VAParams ЗапускатьКлиентТестированияСМаксимизированнымОкном {runtestclientwithmaximizedwindow},docs/JsonParams/JsonParamsRU.md,Настройки клиентов тестирования / ЗапускатьКлиентТестированияСМаксимизированнымОкном {runtestclientwithmaximizedwindow},https://github.com/Pr-Mex/vanessa-automation/blob/a2d584ced20332e7174abf94770c2dd986845a2a/docs/JsonParams/JsonParamsRU.md,c9b2a9077e524e9aa63fb3c3030da0af7cb5b30db50549035a71788272251aeb
pages/c8c03ab2b525bfe9.md,VAParams МодальноеОкноПриЗапускеКлиентаТестированияЭтоОшибка {modalwindowwhenstartingtestclientiserror},docs/JsonParams/JsonParamsRU.md,Настройки клиентов тестирования / МодальноеОкноПриЗапускеКлиентаТестированияЭтоОшибка {modalwindowwhenstartingtestclientiserror},https://github.com/Pr-Mex/vanessa-automation/blob/a2d584ced20332e7174abf94770c2dd986845a2a/docs/JsonParams/JsonParamsRU.md,044f6e26b8c9de1f5566d1632d6ef1962955c1d7c10e95742f68a71581c5c7af
pages/b6f60b0adb63bdbb.md,VAParams ПовторноЗапускатьСеансКлиентаТестированияПриПодключенииЕслиНеНайденЕгоПроцесс {starttestclientsessionagainonconnectionifitsprocessisnotfound},docs/JsonParams/JsonParamsRU.md,Настройки клиентов тестирования / ПовторноЗапускатьСеансКлиентаТестированияПриПодключенииЕслиНеНайденЕгоПроцесс {starttestclientsessionagainonconnectionifitsprocessisnotfound},https://github.com/Pr-Mex/vanessa-automation/blob/a2d584ced20332e7174abf94770c2dd986845a2a/docs/JsonParams/JsonParamsRU.md,e9460d9dcdb2968935319185a69f0f5255c42f2e61c342e3aa20c1c555357a72
pages/e333e2ac0f1244a1.md,VAParams ОпределятьРеальныйПортНаКоторомЗапустилсяКлиентТестирования {DetermineTheRealPortOnWhichTheTestingClientWasLaunched},docs/JsonParams/JsonParamsRU.md,Настройки клиентов тестирования / ОпределятьРеальныйПортНаКоторомЗапустилсяКлиентТестирования {DetermineTheRealPortOnWhichTheTestingClientWasLaunched},https://github.com/Pr-Mex/vanessa-automation/blob/a2d584ced20332e7174abf94770c2dd986845a2a/docs/JsonParams/JsonParamsRU.md,c38e26161e04a04c4678cc653e857b64c561d884e7feabfe9bbd9de99fa50496
pages/034fc95e6e13f4a6.md,VAParams ИнтервалЗапускаПроцессаКлиентаТестирования {testclientprocessstartinterval},docs/JsonParams/JsonParamsRU.md,Настройки клиентов тестирования / ИнтервалЗапускаПроцессаКлиентаТестирования {testclientprocessstartinterval},https://github.com/Pr-Mex/vanessa-automation/blob/a2d584ced20332e7174abf94770c2dd986845a2a/docs/JsonParams/JsonParamsRU.md,f99ba50e12ddbb0de2f378b12b49a1b8b7b8e3bffc281ccf9b15dd466ae23367
pages/335d9a803ae9baa2.md,VAParams ТаймаутЗапуска1С {testclienttimeout},docs/JsonParams/JsonParamsRU.md,Настройки клиентов тестирования / ТаймаутЗапуска1С {testclienttimeout},https://github.com/Pr-Mex/vanessa-automation/blob/a2d584ced20332e7174abf94770c2dd986845a2a/docs/JsonParams/JsonParamsRU.md,a937ada0155434e49890ddb0365ce00ac766ce32d9ff492a0bb2738fce4d2196
pages/fb90be57f0afe64d.md,VAParams ДиапазонПортовTestclient {testclientports},docs/JsonParams/JsonParamsRU.md,Настройки клиентов тестирования / ДиапазонПортовTestclient {testclientports},https://github.com/Pr-Mex/vanessa-automation/blob/a2d584ced20332e7174abf94770c2dd986845a2a/docs/JsonParams/JsonParamsRU.md,9db9d7ec0645c52361494cb3baa7474b1b8a07d952f39d45eece1e0fe97671f2
pages/849f22ad9d9ad1b7.md,VAParams КаталогФайловВыводаСлужебныхСообщений {DirectoryFilesOutputServiceMessages},docs/JsonParams/JsonParamsRU.md,Настройки клиентов тестирования / КаталогФайловВыводаСлужебныхСообщений {DirectoryFilesOutputServiceMessages},https://github.com/Pr-Mex/vanessa-automation/blob/a2d584ced20332e7174abf94770c2dd986845a2a/docs/JsonParams/JsonParamsRU.md,c97c89b884702aad6875170b8ff3549fc93f0158a3420703c75dcaae3fd2f37a
pages/9acfb30650edabfa.md,VAParams ДополнительныеПараметрыЗапускаКлиентаТестирования {AdditionalParametersForLaunchingTheTestingClient},docs/JsonParams/JsonParamsRU.md,Настройки клиентов тестирования / ДополнительныеПараметрыЗапускаКлиентаТестирования {AdditionalParametersForLaunchingTheTestingClient},https://github.com/Pr-Mex/vanessa-automation/blob/a2d584ced20332e7174abf94770c2dd986845a2a/docs/JsonParams/JsonParamsRU.md,d309af2592f362ddb06f465b5e647c004740ac1434f892ed1eac4d116af15c7c
pages/076c9dcb93ba9989.md,VAParams РазрешеноЗапускатьТолькоОдинКлиентТестирования {OnlyOneTestClientAllowedToRun},docs/JsonParams/JsonParamsRU.md,Настройки клиентов тестирования / РазрешеноЗапускатьТолькоОдинКлиентТестирования {OnlyOneTestClientAllowedToRun},https://github.com/Pr-Mex/vanessa-automation/blob/a2d584ced20332e7174abf94770c2dd986845a2a/docs/JsonParams/JsonParamsRU.md,bdeb80b29b94b6d0aa7192e44cac7ecf17924ed599e04c508f77af0dbb50c30d
pages/3d9fcc1e98fbb86e.md,VAParams ОтключитьЗапускРеглЗаданийВФайловойБазе {DisableScheduledJobsExecutionForFileInfobase},docs/JsonParams/JsonParamsRU.md,Настройки клиентов тестирования / ОтключитьЗапускРеглЗаданийВФайловойБазе {DisableScheduledJobsExecutionForFileInfobase},https://github.com/Pr-Mex/vanessa-automation/blob/a2d584ced20332e7174abf94770c2dd986845a2a/docs/JsonParams/JsonParamsRU.md,82843f6bcf04813d655eef9f946a8a50879476a8a2d2d47506849b3520b652da
pages/b4398697ca97a837.md,VAParams ПроверкаСерверныхВызововВОбработчикахСобытий {CheckingServerCallsInEventHandlers},docs/JsonParams/JsonParamsRU.md,Настройки клиентов тестирования / ПроверкаСерверныхВызововВОбработчикахСобытий {CheckingServerCallsInEventHandlers},https://github.com/Pr-Mex/vanessa-automation/blob/a2d584ced20332e7174abf94770c2dd986845a2a/docs/JsonParams/JsonParamsRU.md,0dad6287566cdac4a2f2fb88942ac247c8da7451ac6541860dbc89c73a4b9deb
pages/386f3310fc84d832.md,VAParams ЗапускатьТестКлиентВРежимеОтладки {testclientdebug},docs/JsonParams/JsonParamsRU.md,Настройки клиентов тестирования / ЗапускатьТестКлиентВРежимеОтладки {testclientdebug},https://github.com/Pr-Mex/vanessa-automation/blob/a2d584ced20332e7174abf94770c2dd986845a2a/docs/JsonParams/JsonParamsRU.md,b96ede7d7178483856346436b60c4af658330c57126fafd73022b1b3667137b5
pages/6998cf98d5ac568e.md,VAParams АдресОтладчика {testclientdebugaddress},docs/JsonParams/JsonParamsRU.md,Настройки клиентов тестирования / АдресОтладчика {testclientdebugaddress},https://github.com/Pr-Mex/vanessa-automation/blob/a2d584ced20332e7174abf94770c2dd986845a2a/docs/JsonParams/JsonParamsRU.md,e2c0ca87e94cdeabfb6779f21fa460dab55f9d11035c63a055a53e284e381e94
pages/f1ef55231f2f3ff5.md,VAParams КлючиОтладки {testclientdebugkeys},docs/JsonParams/JsonParamsRU.md,Настройки клиентов тестирования / КлючиОтладки {testclientdebugkeys},https://github.com/Pr-Mex/vanessa-automation/blob/a2d584ced20332e7174abf94770c2dd986845a2a/docs/JsonParams/JsonParamsRU.md,cf93fe0d0bb3da811dd9c258d1e4274dbe8ce3e3a2c759419215233683e56eb0
pages/0293d4a4faa405e2.md,VAParams КомандаЗапускаБраузера {browserlaunchcommand},docs/JsonParams/JsonParamsRU.md,Настройки клиентов тестирования / КомандаЗапускаБраузера {browserlaunchcommand},https://github.com/Pr-Mex/vanessa-automation/blob/a2d584ced20332e7174abf94770c2dd986845a2a/docs/JsonParams/JsonParamsRU.md,921753910f72d3507361eb16679bc9f169d4d72a44835a05f0cdaf9cf8d0721e
pages/8007efbfafa2b4f7.md,VAParams ИспользоватьБраузерПлюсWebSocket {usebrowserwebsocket},docs/JsonParams/JsonParamsRU.md,Настройки клиентов тестирования / ИспользоватьБраузерПлюсWebSocket {usebrowserwebsocket},https://github.com/Pr-Mex/vanessa-automation/blob/a2d584ced20332e7174abf94770c2dd986845a2a/docs/JsonParams/JsonParamsRU.md,7ac8e594a49698aba8685790373bead4b553c6e7b0e901a3793893a1fab85b61
pages/6d27cc17ae1261da.md,VAParams ЗакрыватьКлиентТестированияПринудительно {forceclosetestclient},docs/JsonParams/JsonParamsRU.md,Настройки клиентов тестирования / ЗакрыватьКлиентТестированияПринудительно {forceclosetestclient},https://github.com/Pr-Mex/vanessa-automation/blob/a2d584ced20332e7174abf94770c2dd986845a2a/docs/JsonParams/JsonParamsRU.md,6438b777dbc28ca6750c1e9302c2a912bd4f7ef2966c992b87ff3ed0f8823f0d
pages/8a7b1a9877a92088.md,VAParams ТаймаутПередПринудительнымЗакрытиемКлиентаТестирования {timeoutbeforeforciblyclosingtestclient},docs/JsonParams/JsonParamsRU.md,Настройки клиентов тестирования / ТаймаутПередПринудительнымЗакрытиемКлиентаТестирования {timeoutbeforeforciblyclosingtestclient},https://github.com/Pr-Mex/vanessa-automation/blob/a2d584ced20332e7174abf94770c2dd986845a2a/docs/JsonParams/JsonParamsRU.md,d5192f4b34035ac29bdd5e50ce5193e07891540469f8afeee194742d93fd736e
pages/c12f0b7de3d4a03e.md,VAParams ПутьКadb {PathToadb},docs/JsonParams/JsonParamsRU.md,Настройки клиентов тестирования / ПутьКadb {PathToadb},https://github.com/Pr-Mex/vanessa-automation/blob/a2d584ced20332e7174abf94770c2dd986845a2a/docs/JsonParams/JsonParamsRU.md,c7c8c91077e7f73bfbedba8128c70f1d8eee78108ab8558e450139373a5db224
pages/9ae4a24f302ecd57.md,VAParams ДелатьЛогВыполненияСценариевВЖР {logtogr},docs/JsonParams/JsonParamsRU.md,Выполнение сценариев / ДелатьЛогВыполненияСценариевВЖР {logtogr},https://github.com/Pr-Mex/vanessa-automation/blob/a2d584ced20332e7174abf94770c2dd986845a2a/docs/JsonParams/JsonParamsRU.md,bae4e2db1e1f1475d7324bce7eacabecfea4746300275751b9942aea76477fe2
pages/be45d7ed3fcb040e.md,VAParams ЗвуковоеОповещениеПриОкончанииВыполненияСценария {soundnotificationwhenscriptends},docs/JsonParams/JsonParamsRU.md,Выполнение сценариев / ЗвуковоеОповещениеПриОкончанииВыполненияСценария {soundnotificationwhenscriptends},https://github.com/Pr-Mex/vanessa-automation/blob/a2d584ced20332e7174abf94770c2dd986845a2a/docs/JsonParams/JsonParamsRU.md,1eb8864719a60dfc049a22e0e2b6ed2fbf175f662a04f5724a279b82a4b5a524
pages/40b46d7e88b3fa38.md,VAParams ВыполнятьШагиАсинхронно {makestepsasync},docs/JsonParams/JsonParamsRU.md,Выполнение сценариев / ВыполнятьШагиАсинхронно {makestepsasync},https://github.com/Pr-Mex/vanessa-automation/blob/a2d584ced20332e7174abf94770c2dd986845a2a/docs/JsonParams/JsonParamsRU.md,afcbaa234b3651276ae71fc482d2301037434c1c9f96750d96366e7ee5b73530
pages/474db2082f854826.md,VAParams ИнтервалВыполненияШагаЗаданныйПользователем {SpacingStepSpecifiedUser},docs/JsonParams/JsonParamsRU.md,Выполнение сценариев / ИнтервалВыполненияШагаЗаданныйПользователем {SpacingStepSpecifiedUser},https://github.com/Pr-Mex/vanessa-automation/blob/a2d584ced20332e7174abf94770c2dd986845a2a/docs/JsonParams/JsonParamsRU.md,5dfb2a8912decc421cced55fac43f3c72593cb45b860aca80c827b0da337a02a
pages/b34e6257a602f6b1.md,VAParams ОстановкаПриВозникновенииОшибки {stoponerror},docs/JsonParams/JsonParamsRU.md,Выполнение сценариев / ОстановкаПриВозникновенииОшибки {stoponerror},https://github.com/Pr-Mex/vanessa-automation/blob/a2d584ced20332e7174abf94770c2dd986845a2a/docs/JsonParams/JsonParamsRU.md,b5fd8ed39e2f28e81550891f1c83b356c94f1bd6950e2f33c35a6b562c36e2c5
pages/f500d3383d1015f8.md,VAParams ПоказыватьНомерСтрокиДереваПриВозникновенииОшибки {showrownumberonerror},docs/JsonParams/JsonParamsRU.md,Выполнение сценариев / ПоказыватьНомерСтрокиДереваПриВозникновенииОшибки {showrownumberonerror},https://github.com/Pr-Mex/vanessa-automation/blob/a2d584ced20332e7174abf94770c2dd986845a2a/docs/JsonParams/JsonParamsRU.md,b8f647fe149a21b408a65145ef98017abaea97830011c48d390229e08474a68d
pages/f650515d43376570.md,VAParams ПоказыватьОкноОстановкиВыполненияСценария {ShowWindowForStoppingScriptExecution},docs/JsonParams/JsonParamsRU.md,Выполнение сценариев / ПоказыватьОкноОстановкиВыполненияСценария {ShowWindowForStoppingScriptExecution},https://github.com/Pr-Mex/vanessa-automation/blob/a2d584ced20332e7174abf94770c2dd986845a2a/docs/JsonParams/JsonParamsRU.md,e228402831fcd05ad7f4e81b7be0c853733cfd5f7f575a83f1977907511b01a5
pages/37aa0d7acf9392cc.md,VAParams ИспользоватьДляОстановкиВыполненияСценарияФайл {UseAFileToStopScriptExecution},docs/JsonParams/JsonParamsRU.md,Выполнение сценариев / ИспользоватьДляОстановкиВыполненияСценарияФайл {UseAFileToStopScriptExecution},https://github.com/Pr-Mex/vanessa-automation/blob/a2d584ced20332e7174abf94770c2dd986845a2a/docs/JsonParams/JsonParamsRU.md,493be2b11418d4c2f2b0a87e21c41e859d57390e6a493b1dd16376ae65e8184c
pages/b0b3f3338e037810.md,VAParams ОбновлятьСтатистикуВДереве {updatestatistics},docs/JsonParams/JsonParamsRU.md,Выполнение сценариев / ОбновлятьСтатистикуВДереве {updatestatistics},https://github.com/Pr-Mex/vanessa-automation/blob/a2d584ced20332e7174abf94770c2dd986845a2a/docs/JsonParams/JsonParamsRU.md,57e116e5577184d86e2d6d3873a534c66378777fe3ef4e0f286f2da339233351
pages/38c904da838dabe5.md,VAParams КоличествоПопытокВыполненияСценария {NumberOfAttemptsToExecuteTheScript},docs/JsonParams/JsonParamsRU.md,Выполнение сценариев / КоличествоПопытокВыполненияСценария {NumberOfAttemptsToExecuteTheScript},https://github.com/Pr-Mex/vanessa-automation/blob/a2d584ced20332e7174abf94770c2dd986845a2a/docs/JsonParams/JsonParamsRU.md,003d5c9931edb91d26b814a3dc4fb42210da4f50b8ac75eff6f7777b6d9bb4b7
pages/40bd1db59efdfdc3.md,VAParams ОтключатьДляПолейВозможностьЗатиранияТекстаПриСерверномВызове {DisableForFieldsAbilityToOverwriteTextWhenServerCall},docs/JsonParams/JsonParamsRU.md,Выполнение сценариев / ОтключатьДляПолейВозможностьЗатиранияТекстаПриСерверномВызове {DisableForFieldsAbilityToOverwriteTextWhenServerCall},https://github.com/Pr-Mex/vanessa-automation/blob/a2d584ced20332e7174abf94770c2dd986845a2a/docs/JsonParams/JsonParamsRU.md,8c52dce176c0ae0acb3210076cefd0cb02de4850e3fc5fd4ee8b8981701ffec4
pages/d8baf99a423bea05.md,VAParams КоличествоПопытокВыполненияДействия {numberofattemptstoperformanaction},docs/JsonParams/JsonParamsRU.md,Выполнение сценариев / КоличествоПопытокВыполненияДействия {numberofattemptstoperformanaction},https://github.com/Pr-Mex/vanessa-automation/blob/a2d584ced20332e7174abf94770c2dd986845a2a/docs/JsonParams/JsonParamsRU.md,a17e92b767434b0ced3007f672b8d6a1024247b936a5a4e6f640bc47fb459de8
pages/7dc4cdaf9542c800.md,VAParams КоличествоСекундПоискаОкна {timetofindwindow},docs/JsonParams/JsonParamsRU.md,Выполнение сценариев / КоличествоСекундПоискаОкна {timetofindwindow},https://github.com/Pr-Mex/vanessa-automation/blob/a2d584ced20332e7174abf94770c2dd986845a2a/docs/JsonParams/JsonParamsRU.md,6af57d8c783019a387dd596b7c6f27a402b761fa4fbd04ca49d6a30b22775ea7
pages/fb8e003a8b68fec3.md,VAParams ТаймаутДляАсинхронныхШагов {timeoutforasynchronoussteps},docs/JsonParams/JsonParamsRU.md,Выполнение сценариев / ТаймаутДляАсинхронныхШагов {timeoutforasynchronoussteps},https://github.com/Pr-Mex/vanessa-automation/blob/a2d584ced20332e7174abf94770c2dd986845a2a/docs/JsonParams/JsonParamsRU.md,31c9382d4db619d3120e8b066a3f5ff1bc38cd9e49ba0a05cc0083565b405030
pages/631566075818eca3.md,VAParams ПаузаПриОткрытииОкна {pauseonwindowopening},docs/JsonParams/JsonParamsRU.md,Выполнение сценариев / ПаузаПриОткрытииОкна {pauseonwindowopening},https://github.com/Pr-Mex/vanessa-automation/blob/a2d584ced20332e7174abf94770c2dd986845a2a/docs/JsonParams/JsonParamsRU.md,b90735ea40c95f1ddc9efd5706e263dc0d4d14559f87f75cb293a999173af6d8
pages/9ea7cc3030cd7227.md,VAParams МаксимальноеВремяВыполненияДействия {MaximumExecutionTimeAction},docs/JsonParams/JsonParamsRU.md,Выполнение сценариев / МаксимальноеВремяВыполненияДействия {MaximumExecutionTimeAction},https://github.com/Pr-Mex/vanessa-automation/blob/a2d584ced20332e7174abf94770c2dd986845a2a/docs/JsonParams/JsonParamsRU.md,18ba1c4d72110b2880dde8a37fe1da16af685ea81615684e91927ed0c1ddacfc
pages/ff639094c4cce9de.md,VAParams БезопасноеВыполнениеШагов {safeexecutionofsteps},docs/JsonParams/JsonParamsRU.md,Выполнение сценариев / БезопасноеВыполнениеШагов {safeexecutionofsteps},https://github.com/Pr-Mex/vanessa-automation/blob/a2d584ced20332e7174abf94770c2dd986845a2a/docs/JsonParams/JsonParamsRU.md,5a5acaa316f3b73eadaacad9aac06a86023785d988dfea0915839d7de73dc201
pages/a91c90b2e307ef96.md,VAParams ОбновлятьДеревоПриНачалеВыполненияСценария {updatetreewhenscenariostarts},docs/JsonParams/JsonParamsRU.md,Выполнение сценариев / ОбновлятьДеревоПриНачалеВыполненияСценария {updatetreewhenscenariostarts},https://github.com/Pr-Mex/vanessa-automation/blob/a2d584ced20332e7174abf94770c2dd986845a2a/docs/JsonParams/JsonParamsRU.md,66bcfa1a1b23b920263cc40813d8dbd11c0bb30fe86944b655c640a1a6255245
pages/fe1681d88f7f4f32.md,VAParams ПриравниватьPendingКFailed {pendingequalfailed},docs/JsonParams/JsonParamsRU.md,Выполнение сценариев / ПриравниватьPendingКFailed {pendingequalfailed},https://github.com/Pr-Mex/vanessa-automation/blob/a2d584ced20332e7174abf94770c2dd986845a2a/docs/JsonParams/JsonParamsRU.md,5fca25e691d63344b5eade6cbdd36567a1b32e09ab001023db12768c258072a6
pages/b1fef57e78a56e2a.md,VAParams РазличатьBrokenИFailedПоКлючевомуСловуТогда {distinguishbrokenorfailedbythenkeyword},docs/JsonParams/JsonParamsRU.md,Выполнение сценариев / РазличатьBrokenИFailedПоКлючевомуСловуТогда {distinguishbrokenorfailedbythenkeyword},https://github.com/Pr-Mex/vanessa-automation/blob/a2d584ced20332e7174abf94770c2dd986845a2a/docs/JsonParams/JsonParamsRU.md,3b179f7ad251c36313d9ffa47cbc0ab97089109f1e861ba3589485efd5bea4be
pages/5e4ef379e6ef360c.md,VAParams ВыполнятьSleepЧерезPing {dosleepusingping},docs/JsonParams/JsonParamsRU.md,Выполнение сценариев / ВыполнятьSleepЧерезPing {dosleepusingping},https://github.com/Pr-Mex/vanessa-automation/blob/a2d584ced20332e7174abf94770c2dd986845a2a/docs/JsonParams/JsonParamsRU.md,c69504fc60b97bcd3c6212bdc4bc9ccb67ca4ab0402aef97efb119726a598f96
pages/99f5e5cec5e018f1.md,VAParams ЗапрещатьПерезаписыватьПеременные {banoverwritingvariables},docs/JsonParams/JsonParamsRU.md,Выполнение сценариев / ЗапрещатьПерезаписыватьПеременные {banoverwritingvariables},https://github.com/Pr-Mex/vanessa-automation/blob/a2d584ced20332e7174abf94770c2dd986845a2a/docs/JsonParams/JsonParamsRU.md,2835ba0827e4e77d1da2d918d2af22a0ab2837bd4ffabd6add4fd37c70b23ed4
pages/754fe422f4721b34.md,VAParams ОбновлятьТаблицыФормыПриПолученииЗначения {updateformtableswhengettingvalue},docs/JsonParams/JsonParamsRU.md,Выполнение сценариев / ОбновлятьТаблицыФормыПриПолученииЗначения {updateformtableswhengettingvalue},https://github.com/Pr-Mex/vanessa-automation/blob/a2d584ced20332e7174abf94770c2dd986845a2a/docs/JsonParams/JsonParamsRU.md,7cd8aa20ccab4002ccff23cc7c383a74d6c61a07ff5f76ea14b01acbd8ceb9f7
pages/1349bb039b516c49.md,VAParams ПолучатьМакетыСПомощьюРасширенияVAExtension {getlayoutsusingextensionvaextension},docs/JsonParams/JsonParamsRU.md,Выполнение сценариев / ПолучатьМакетыСПомощьюРасширенияVAExtension {getlayoutsusingextensionvaextension},https://github.com/Pr-Mex/vanessa-automation/blob/a2d584ced20332e7174abf94770c2dd986845a2a/docs/JsonParams/JsonParamsRU.md,fa53f1b3a82d0dd51c1449990c2cf58051f07fa9143935bf71d6daefc7694ff5
pages/2af9e4e4264d6f16.md,VAParams ДелатьСкриншотПриВозникновенииОшибки {onerrorscreenshot},docs/JsonParams/JsonParamsRU.md,Скриншоты / ДелатьСкриншотПриВозникновенииОшибки {onerrorscreenshot},https://github.com/Pr-Mex/vanessa-automation/blob/a2d584ced20332e7174abf94770c2dd986845a2a/docs/JsonParams/JsonParamsRU.md,1d65b19120279f720435cf2b7e87dd53c7abffd8efc8b07abcceabdae8f9e15a
pages/ec79fca89484c9ac.md,VAParams СниматьСкриншотКаждогоОкна1С {onerrorscreenshoteverywindow},docs/JsonParams/JsonParamsRU.md,Скриншоты / СниматьСкриншотКаждогоОкна1С {onerrorscreenshoteverywindow},https://github.com/Pr-Mex/vanessa-automation/blob/a2d584ced20332e7174abf94770c2dd986845a2a/docs/JsonParams/JsonParamsRU.md,c218c2a517a30d756765993ee2be2acc8ab3025cf8672b8ccc728c43a33ad570
pages/4ef34f1b40f6425a.md,VAParams ИспользоватьВнешнююКомпонентуДляСкриншотов {useaddinforscreencapture},docs/JsonParams/JsonParamsRU.md,Скриншоты / ИспользоватьВнешнююКомпонентуДляСкриншотов {useaddinforscreencapture},https://github.com/Pr-Mex/vanessa-automation/blob/a2d584ced20332e7174abf94770c2dd986845a2a/docs/JsonParams/JsonParamsRU.md,be7693be36122a94612e55e88ee117bff1dab5ee9362155e3b93b3148fbfb241
pages/a9defffb1c0a19f7.md,VAParams СниматьСкриншотыБраузера {TakeBrowserScreenshots},docs/JsonParams/JsonParamsRU.md,Скриншоты / СниматьСкриншотыБраузера {TakeBrowserScreenshots},https://github.com/Pr-Mex/vanessa-automation/blob/a2d584ced20332e7174abf94770c2dd986845a2a/docs/JsonParams/JsonParamsRU.md,7ac350a33153e59f0ecf036357202ee0954a1ef6e993ab9e950bed08a0eef0c2
pages/7e502cff5bb37f70.md,VAParams КаталогВыгрузкиСкриншотов {outputscreenshot},docs/JsonParams/JsonParamsRU.md,Скриншоты / КаталогВыгрузкиСкриншотов {outputscreenshot},https://github.com/Pr-Mex/vanessa-automation/blob/a2d584ced20332e7174abf94770c2dd986845a2a/docs/JsonParams/JsonParamsRU.md,272ad8a13da603568c6add438b3a2a0a9a76463efd90f60bee74eb8aaf8f906f
pages/3ed817a49d53cf2a.md,VAParams ПроцессыДляСнятияСкриншотов {ProcessesForTakingScreenshots},docs/JsonParams/JsonParamsRU.md,Скриншоты / ПроцессыДляСнятияСкриншотов {ProcessesForTakingScreenshots},https://github.com/Pr-Mex/vanessa-automation/blob/a2d584ced20332e7174abf94770c2dd986845a2a/docs/JsonParams/JsonParamsRU.md,2b0e52b528c99d4df37a8ee230bc490e303875ebf1349757b29083fc5ccf76da
pages/55683de88102b977.md,VAParams СпособСнятияСкриншотовВнешнейКомпонентой {screencaptureaddinmethod},docs/JsonParams/JsonParamsRU.md,Скриншоты / СпособСнятияСкриншотовВнешнейКомпонентой {screencaptureaddinmethod},https://github.com/Pr-Mex/vanessa-automation/blob/a2d584ced20332e7174abf94770c2dd986845a2a/docs/JsonParams/JsonParamsRU.md,2f3103760d45a2dce432278b1fe85fb243e4c6d9e113b541a67e6b5d25e4017c
pages/702c387822f1b9a4.md,VAParams КомандаСделатьСкриншот {commandscreenshot},docs/JsonParams/JsonParamsRU.md,Скриншоты / КомандаСделатьСкриншот {commandscreenshot},https://github.com/Pr-Mex/vanessa-automation/blob/a2d584ced20332e7174abf94770c2dd986845a2a/docs/JsonParams/JsonParamsRU.md,3a208e070697344481787705dd4e53706fbe0d9c53e46ddabe0b543e28050fce
pages/ef81a3104e5c99a2.md,VAParams ДобавлятьКИмениСценарияУсловияВыгрузки {addtofeaturefilter},docs/JsonParams/JsonParamsRU.md,Отчет о запуске сценариев / ДобавлятьКИмениСценарияУсловияВыгрузки {addtofeaturefilter},https://github.com/Pr-Mex/vanessa-automation/blob/a2d584ced20332e7174abf94770c2dd986845a2a/docs/JsonParams/JsonParamsRU.md,211f6ccd4d1597c61aea39209904a4231d95285f2487f29cd078afe186487ffd
pages/1cc23b5d0fcbf263.md,VAParams ВыгружатьСтатусВыполненияСценариевВФайл {createlogs},docs/JsonParams/JsonParamsRU.md,Отчет о запуске сценариев / ВыгружатьСтатусВыполненияСценариевВФайл {createlogs},https://github.com/Pr-Mex/vanessa-automation/blob/a2d584ced20332e7174abf94770c2dd986845a2a/docs/JsonParams/JsonParamsRU.md,3bccb33f1c44e4b7959379c93cccba0299d79e9a6c36e36cd986b45495f9f3c8
pages/fad87be34f6aaf4a.md,VAParams ИмяТекущейСборки {NameCurrentBuild},docs/JsonParams/JsonParamsRU.md,Отчет о запуске сценариев / ИмяТекущейСборки {NameCurrentBuild},https://github.com/Pr-Mex/vanessa-automation/blob/a2d584ced20332e7174abf94770c2dd986845a2a/docs/JsonParams/JsonParamsRU.md,cb5dc9e4e9cbf07fec185c659b07c82325f90728dcaba2abd375cfc9091b7c9f
pages/a4b2b4545c6b5c1d.md,VAParams ПутьКФайлуДляВыгрузкиСтатусаВыполненияСценариев {logpath},docs/JsonParams/JsonParamsRU.md,Отчет о запуске сценариев / ПутьКФайлуДляВыгрузкиСтатусаВыполненияСценариев {logpath},https://github.com/Pr-Mex/vanessa-automation/blob/a2d584ced20332e7174abf94770c2dd986845a2a/docs/JsonParams/JsonParamsRU.md,6ead032ebba0b461fed8f28f001f775890862b0227aa5c573042c1470069b963
pages/9c678d9a6d2c0b87.md,VAParams ЗаписыватьВидеоВыполненияТестов {recordtestrunvideo},docs/JsonParams/JsonParamsRU.md,Отчет о запуске сценариев / ЗаписыватьВидеоВыполненияТестов {recordtestrunvideo},https://github.com/Pr-Mex/vanessa-automation/blob/a2d584ced20332e7174abf94770c2dd986845a2a/docs/JsonParams/JsonParamsRU.md,c82a041cdb578e839f25336bf72f7bec41c61a61b1d853e66d43392d9b48b333
pages/053ac8b99fdb1ec4.md,VAParams КоличествоКадровВидеоВыполненияТестов {thenumberofframesofvideotestsession},docs/JsonParams/JsonParamsRU.md,Отчет о запуске сценариев / КоличествоКадровВидеоВыполненияТестов {thenumberofframesofvideotestsession},https://github.com/Pr-Mex/vanessa-automation/blob/a2d584ced20332e7174abf94770c2dd986845a2a/docs/JsonParams/JsonParamsRU.md,53f9085f7ab1a3aa2b2873a1e46b6e10510237aaaeac8c43ae20ea30311aadc2
pages/73933105d84e191c.md,VAParams КомандаЗаписиВидеоВыполненияТестов {testrecordingvideocommand},docs/JsonParams/JsonParamsRU.md,Отчет о запуске сценариев / КомандаЗаписиВидеоВыполненияТестов {testrecordingvideocommand},https://github.com/Pr-Mex/vanessa-automation/blob/a2d584ced20332e7174abf94770c2dd986845a2a/docs/JsonParams/JsonParamsRU.md,497d8b5523dd10b24979270920c7dfdf30db92ed2fffe7a1cad9d327d052f237
pages/a1b41e1bf8270174.md,VAParams КаталогДляЗаписиВидеоВыполненияТестов {directoryforrecordingvideotestexecution},docs/JsonParams/JsonParamsRU.md,Отчет о запуске сценариев / КаталогДляЗаписиВидеоВыполненияТестов {directoryforrecordingvideotestexecution},https://github.com/Pr-Mex/vanessa-automation/blob/a2d584ced20332e7174abf94770c2dd986845a2a/docs/JsonParams/JsonParamsRU.md,be99cfb4de3cf4e2d459fab84579bf24166a8d32502ac0fc92544242c6019ada
pages/3697e1b16005abd0.md,VAParams ДелатьЛогВыполненияСценариевВТекстовыйФайл {logtotext},docs/JsonParams/JsonParamsRU.md,Отчет о запуске сценариев / ДелатьЛогВыполненияСценариевВТекстовыйФайл {logtotext},https://github.com/Pr-Mex/vanessa-automation/blob/a2d584ced20332e7174abf94770c2dd986845a2a/docs/JsonParams/JsonParamsRU.md,f8693d87a13061a534b18fc9354566d2e89a830bc8019dc1a8105a8172a335c0
pages/b2a74b88fea1bba3.md,VAParams ВыводитьЛогВКонсоль {outputloginconsole},docs/JsonParams/JsonParamsRU.md,Отчет о запуске сценариев / ВыводитьЛогВКонсоль {outputloginconsole},https://github.com/Pr-Mex/vanessa-automation/blob/a2d584ced20332e7174abf94770c2dd986845a2a/docs/JsonParams/JsonParamsRU.md,56d0202d7af42b6d50410a60e85dfa017a3dc0b8bc934c73653cb824d51d398d
pages/b1a25d5a2b633725.md,VAParams ВыводитьВЛогВыполнениеШагов {logstepstotext},docs/JsonParams/JsonParamsRU.md,Отчет о запуске сценариев / ВыводитьВЛогВыполнениеШагов {logstepstotext},https://github.com/Pr-Mex/vanessa-automation/blob/a2d584ced20332e7174abf94770c2dd986845a2a/docs/JsonParams/JsonParamsRU.md,018d25dd383c9c138247b55c5ab99c9fe433d19f1313a12268e7a54a2bc63c3c
pages/a89070299738dedb.md,VAParams ПодробныйЛогВыполненияСценариев {fulllog},docs/JsonParams/JsonParamsRU.md,Отчет о запуске сценариев / ПодробныйЛогВыполненияСценариев {fulllog},https://github.com/Pr-Mex/vanessa-automation/blob/a2d584ced20332e7174abf94770c2dd986845a2a/docs/JsonParams/JsonParamsRU.md,faa6ef8472790c852c2b7226e7351752ad01b8e08b5ecf3a93f477bf825a3aaa
pages/ce02f1f01ce1bafb.md,VAParams ИмяФайлаЛогВыполненияСценариев {textlogname},docs/JsonParams/JsonParamsRU.md,Отчет о запуске сценариев / ИмяФайлаЛогВыполненияСценариев {textlogname},https://github.com/Pr-Mex/vanessa-automation/blob/a2d584ced20332e7174abf94770c2dd986845a2a/docs/JsonParams/JsonParamsRU.md,832b00da4b05ef79899b34dac53566466667de16e95018613cb7c4103116c1c0
pages/6e54ee523b5d51b0.md,VAParams РазмерБуфераЛогаВыполненияСценариев {textlogbuffersize},docs/JsonParams/JsonParamsRU.md,Отчет о запуске сценариев / РазмерБуфераЛогаВыполненияСценариев {textlogbuffersize},https://github.com/Pr-Mex/vanessa-automation/blob/a2d584ced20332e7174abf94770c2dd986845a2a/docs/JsonParams/JsonParamsRU.md,8dbe1000f0c83188dc6252cedd8d746ad32459fff6c3f9dc1c390cbcf49988d8
pages/65b9e2fcee84f1a6.md,VAParams МаскироватьПарольВЛоге {maskpwdinlog},docs/JsonParams/JsonParamsRU.md,Отчет о запуске сценариев / МаскироватьПарольВЛоге {maskpwdinlog},https://github.com/Pr-Mex/vanessa-automation/blob/a2d584ced20332e7174abf94770c2dd986845a2a/docs/JsonParams/JsonParamsRU.md,76afa0a9b0061cf3721ee9d5bc9f74ca4ac2812e377aa5092cc06152c5426ae3
pages/0856e8c05647d2ec.md,VAParams ДелатьОтчетВФорматеАллюр {allurecreatereport},docs/JsonParams/JsonParamsRU.md,Отчет о запуске сценариев / ДелатьОтчетВФорматеАллюр {allurecreatereport},https://github.com/Pr-Mex/vanessa-automation/blob/a2d584ced20332e7174abf94770c2dd986845a2a/docs/JsonParams/JsonParamsRU.md,5fbbd28ecc09d375bd692b5e407736b8bbce1b9a6ae00e42509d5c4ecc3038d3
pages/14c6a57b553d97c3.md,VAParams ПодставлятьВОтчетеAllureЗначенияПеременных {setvariablevaluesinstepsallurereport},docs/JsonParams/JsonParamsRU.md,Отчет о запуске сценариев / ПодставлятьВОтчетеAllureЗначенияПеременных {setvariablevaluesinstepsallurereport},https://github.com/Pr-Mex/vanessa-automation/blob/a2d584ced20332e7174abf94770c2dd986845a2a/docs/JsonParams/JsonParamsRU.md,8afb48ed91b54c4e759afaa780341caf71b01cb516af3b9144ac3526523b8cb3
pages/223f997c9f1900c9.md,VAParams СписокИсключаемыхПеременныхAllure {allureexcludevars},docs/JsonParams/JsonParamsRU.md,Отчет о запуске сценариев / СписокИсключаемыхПеременныхAllure {allureexcludevars},https://github.com/Pr-Mex/vanessa-automation/blob/a2d584ced20332e7174abf94770c2dd986845a2a/docs/JsonParams/JsonParamsRU.md,24ebc149f42db0de351551fbc177c14021291f00c79b87b72c18843570d005cf
pages/56c2dee2493ac2b4.md,VAParams КаталогВыгрузкиAllure {allurepath},docs/JsonParams/JsonParamsRU.md,Отчет о запуске сценариев / КаталогВыгрузкиAllure {allurepath},https://github.com/Pr-Mex/vanessa-automation/blob/a2d584ced20332e7174abf94770c2dd986845a2a/docs/JsonParams/JsonParamsRU.md,ce81a1b6379468bac7621bc1ed95e9ecb19192493e07de9c41de7380f54701f2
pages/7043067cad46ab3e.md,VAParams КаталогВыгрузкиAllureБазовый {allurepathbase},docs/JsonParams/JsonParamsRU.md,Отчет о запуске сценариев / КаталогВыгрузкиAllureБазовый {allurepathbase},https://github.com/Pr-Mex/vanessa-automation/blob/a2d584ced20332e7174abf94770c2dd986845a2a/docs/JsonParams/JsonParamsRU.md,fdcf7024c45dfb1a5683f1ff019f572536b57d376db907ea03f3e404d8fa21ec
pages/4a2f182f05fa2f84.md,VAParams УровеньОтчета1 {reportlevel1},docs/JsonParams/JsonParamsRU.md,Отчет о запуске сценариев / УровеньОтчета1 {reportlevel1},https://github.com/Pr-Mex/vanessa-automation/blob/a2d584ced20332e7174abf94770c2dd986845a2a/docs/JsonParams/JsonParamsRU.md,d847c6da98ead0db297bf6262e3de6f5e7639ea2b9b9c03e204e96460534b2de
pages/8416aebde59dd35c.md,VAParams УровеньОтчета2 {reportlevel2},docs/JsonParams/JsonParamsRU.md,Отчет о запуске сценариев / УровеньОтчета2 {reportlevel2},https://github.com/Pr-Mex/vanessa-automation/blob/a2d584ced20332e7174abf94770c2dd986845a2a/docs/JsonParams/JsonParamsRU.md,9b8d42839b7fb235625fd2323f8f12936207d18e7f0e681cd8f056bd2134a4e3
pages/549ff6647e908a01.md,VAParams УровеньОтчета3 {reportlevel3},docs/JsonParams/JsonParamsRU.md,Отчет о запуске сценариев / УровеньОтчета3 {reportlevel3},https://github.com/Pr-Mex/vanessa-automation/blob/a2d584ced20332e7174abf94770c2dd986845a2a/docs/JsonParams/JsonParamsRU.md,8e3e1fc8c634c19ddf32f6c08b16c09a96d7421c126ce6c3c0a5b0e4a79d9439
pages/e2c3402d142ca7b3.md,VAParams КаталогОтносительноКоторогоНадоСтроитьИерархию {directorytobuildhierarchy},docs/JsonParams/JsonParamsRU.md,Отчет о запуске сценариев / КаталогОтносительноКоторогоНадоСтроитьИерархию {directorytobuildhierarchy},https://github.com/Pr-Mex/vanessa-automation/blob/a2d584ced20332e7174abf94770c2dd986845a2a/docs/JsonParams/JsonParamsRU.md,9b942381c4639e02f3b8891452ec0cc61a453e594dc6964ac977b862c4fa4145
pages/f6a4be2db9024815.md,VAParams ТегиПропускающиеСценарийAllure {tagsskippingscript},docs/JsonParams/JsonParamsRU.md,Отчет о запуске сценариев / ТегиПропускающиеСценарийAllure {tagsskippingscript},https://github.com/Pr-Mex/vanessa-automation/blob/a2d584ced20332e7174abf94770c2dd986845a2a/docs/JsonParams/JsonParamsRU.md,24ad82417048755d6ad201bad9d0afb7cd60c6b6a44864acfec777a22ec5b00b
pages/13363ec37e37a709.md,VAParams ГруппировкаTestSuites {testsuites},docs/JsonParams/JsonParamsRU.md,Отчет о запуске сценариев / ГруппировкаTestSuites {testsuites},https://github.com/Pr-Mex/vanessa-automation/blob/a2d584ced20332e7174abf94770c2dd986845a2a/docs/JsonParams/JsonParamsRU.md,7e91a9f840d0bde687ad800c82ed001e2231311f5acb2e352e5df901bd6e27c5
pages/48ba4e01fc091fec.md,VAParams ПрикладыватьКОтчетуAllureЖурналРегистрацииВыполненияСценария {attacheventlogtotheallurereport},docs/JsonParams/JsonParamsRU.md,Отчет о запуске сценариев / ПрикладыватьКОтчетуAllureЖурналРегистрацииВыполненияСценария {attacheventlogtotheallurereport},https://github.com/Pr-Mex/vanessa-automation/blob/a2d584ced20332e7174abf94770c2dd986845a2a/docs/JsonParams/JsonParamsRU.md,1011ba1f319f8c6a980b829ac783fd154d6214fe6b1061252b8df4dd4129ae13
pages/34f222636ee1bfd8.md,VAParams ПрикладыватьКОтчетуAllureДанныеОСетевыхСоединениях {attachnetworkconnectiondatatotheallurereport},docs/JsonParams/JsonParamsRU.md,Отчет о запуске сценариев / ПрикладыватьКОтчетуAllureДанныеОСетевыхСоединениях {attachnetworkconnectiondatatotheallurereport},https://github.com/Pr-Mex/vanessa-automation/blob/a2d584ced20332e7174abf94770c2dd986845a2a/docs/JsonParams/JsonParamsRU.md,944f7ef960fdcad6bf56ff03ecadfd3cc9e9fbd81c516a5408ca2fdb027542d8
pages/794e02a537367a0d.md,VAParams ПрикладыватьКОтчетуAllureДанныеОСостоянииАктивнойФормы {attachactiveformdatatotheallurereport},docs/JsonParams/JsonParamsRU.md,Отчет о запуске сценариев / ПрикладыватьКОтчетуAllureДанныеОСостоянииАктивнойФормы {attachactiveformdatatotheallurereport},https://github.com/Pr-Mex/vanessa-automation/blob/a2d584ced20332e7174abf94770c2dd986845a2a/docs/JsonParams/JsonParamsRU.md,38250b3e02501cd3ea5aaf45cc64fefa10f39fd58e6377fa26ff57cc200937e3
pages/dfb197a863686f79.md,VAParams ПрикладыватьКОтчетуAllureДанныеОСостоянииВсехФорм {attachallformsdatatotheallurereport},docs/JsonParams/JsonParamsRU.md,Отчет о запуске сценариев / ПрикладыватьКОтчетуAllureДанныеОСостоянииВсехФорм {attachallformsdatatotheallurereport},https://github.com/Pr-Mex/vanessa-automation/blob/a2d584ced20332e7174abf94770c2dd986845a2a/docs/JsonParams/JsonParamsRU.md,6835e46e18b931582ed0019af6aaad573507d8c4cc95118ff27b967cf2cb4512
pages/23f945e0fc56ac49.md,VAParams ПрикладыватьКОтчетуAllureДанныеОПроцессахОС {attachdataoftheoperatingsystemprocessestotheallurereport},docs/JsonParams/JsonParamsRU.md,Отчет о запуске сценариев / ПрикладыватьКОтчетуAllureДанныеОПроцессахОС {attachdataoftheoperatingsystemprocessestotheallurereport},https://github.com/Pr-Mex/vanessa-automation/blob/a2d584ced20332e7174abf94770c2dd986845a2a/docs/JsonParams/JsonParamsRU.md,729b69c87b57aff2e97a0eb0c1de227f360bad8ae3fb4c059212c7f066e15688
pages/c01bc82a50690e42.md,VAParams ПрикладыватьКОтчетуAllureДанныеОЗначенияхПеременных {attachvariablestotheallurereport},docs/JsonParams/JsonParamsRU.md,Отчет о запуске сценариев / ПрикладыватьКОтчетуAllureДанныеОЗначенияхПеременных {attachvariablestotheallurereport},https://github.com/Pr-Mex/vanessa-automation/blob/a2d584ced20332e7174abf94770c2dd986845a2a/docs/JsonParams/JsonParamsRU.md,8f26735ce3ca20ad4b57b254d3d8fd2d858e76ff1db50228a6f9eb952403efa8
pages/b6bd8d93172a6d63.md,VAParams ПрикладыватьФайлыMxlКОтчетуAllure {attachmxlfilestoallurereport},docs/JsonParams/JsonParamsRU.md,Отчет о запуске сценариев / ПрикладыватьФайлыMxlКОтчетуAllure {attachmxlfilestoallurereport},https://github.com/Pr-Mex/vanessa-automation/blob/a2d584ced20332e7174abf94770c2dd986845a2a/docs/JsonParams/JsonParamsRU.md,a15e9cb29a943175d15873f7ae4e757bcdf87abda822a6dce8e645904f3cb4db
pages/91e7742253465ba0.md,VAParams ПрикладыватьФайлыMxlСохраненныеВФорматеHTMLКОтчетуAllure {attachmxlfilessavedinhtmlformattoallurereport},docs/JsonParams/JsonParamsRU.md,Отчет о запуске сценариев / ПрикладыватьФайлыMxlСохраненныеВФорматеHTMLКОтчетуAllure {attachmxlfilessavedinhtmlformattoallurereport},https://github.com/Pr-Mex/vanessa-automation/blob/a2d584ced20332e7174abf94770c2dd986845a2a/docs/JsonParams/JsonParamsRU.md,a28ec21d5efce532aa4bceb3def343642b7e5a825b9f328f578ce948f783660f
pages/70198f6c69063887.md,VAParams ПрикладыватьФайлыXlsxКОтчетуAllure {attachxlsxfilestoallurereport},docs/JsonParams/JsonParamsRU.md,Отчет о запуске сценариев / ПрикладыватьФайлыXlsxКОтчетуAllure {attachxlsxfilestoallurereport},https://github.com/Pr-Mex/vanessa-automation/blob/a2d584ced20332e7174abf94770c2dd986845a2a/docs/JsonParams/JsonParamsRU.md,b82a29ef9ed569ff3df471967a9ca63af03e9fcd32657fbd7455f3bf4e3d41bd
pages/194655f24ddc1ff8.md,VAParams ПрикладыватьДополнительныеДанныеПриСравненииЗначенияСЭталономAllure {attachadditionaldatawhencomparingvaluewithreferenceallure},docs/JsonParams/JsonParamsRU.md,Отчет о запуске сценариев / ПрикладыватьДополнительныеДанныеПриСравненииЗначенияСЭталономAllure {attachadditionaldatawhencomparingvaluewithreferenceallure},https://github.com/Pr-Mex/vanessa-automation/blob/a2d584ced20332e7174abf94770c2dd986845a2a/docs/JsonParams/JsonParamsRU.md,7b252dfb2f5411b9ee7d0a1956444462a907a2727b47a22283ea163958828645
pages/31c7929d09399623.md,VAParams ДанныеАллюрМеток {DataAllureMarks},docs/JsonParams/JsonParamsRU.md,Отчет о запуске сценариев / ДанныеАллюрМеток {DataAllureMarks},https://github.com/Pr-Mex/vanessa-automation/blob/a2d584ced20332e7174abf94770c2dd986845a2a/docs/JsonParams/JsonParamsRU.md,019a7d8dc27bed441bbec301c4133bd8729bea5c0b487817beda4c862a41bf50
pages/71c1c57d410e2887.md,VAParams ДелатьОтчетВФорматеjUnit {junitcreatereport},docs/JsonParams/JsonParamsRU.md,Отчет о запуске сценариев / ДелатьОтчетВФорматеjUnit {junitcreatereport},https://github.com/Pr-Mex/vanessa-automation/blob/a2d584ced20332e7174abf94770c2dd986845a2a/docs/JsonParams/JsonParamsRU.md,687524788ffe1ffb7586825e82fa4a5c983c9ab55201663fa9b935cb235786e8
pages/58e01d0afeeeae42.md,VAParams КаталогВыгрузкиJUnit {junitpath},docs/JsonParams/JsonParamsRU.md,Отчет о запуске сценариев / КаталогВыгрузкиJUnit {junitpath},https://github.com/Pr-Mex/vanessa-automation/blob/a2d584ced20332e7174abf94770c2dd986845a2a/docs/JsonParams/JsonParamsRU.md,87886707c917944e2029f575f5b3526e3cfb5d75ba128279b296f8ba28758fb0
pages/bb06fa1ef6fc7001.md,VAParams СкриншотыjUnit {junitscreenshots},docs/JsonParams/JsonParamsRU.md,Отчет о запуске сценариев / СкриншотыjUnit {junitscreenshots},https://github.com/Pr-Mex/vanessa-automation/blob/a2d584ced20332e7174abf94770c2dd986845a2a/docs/JsonParams/JsonParamsRU.md,23bdc8c27953255524b611d9221a016cefa01447b400104e0014761efbaa9c99
pages/b83dd4c50639f801.md,VAParams ДелатьОтчетВФорматеСППР {ModelingCreateReport},docs/JsonParams/JsonParamsRU.md,Отчет о запуске сценариев / ДелатьОтчетВФорматеСППР {ModelingCreateReport},https://github.com/Pr-Mex/vanessa-automation/blob/a2d584ced20332e7174abf94770c2dd986845a2a/docs/JsonParams/JsonParamsRU.md,a26d8450fb4d7ddfb7279c9e79c8abc92b03edb20b8d2c44beefb583f6229261
pages/33001bd244bd9092.md,VAParams КаталогВыгрузкиСППР {modelingreportpath},docs/JsonParams/JsonParamsRU.md,Отчет о запуске сценариев / КаталогВыгрузкиСППР {modelingreportpath},https://github.com/Pr-Mex/vanessa-automation/blob/a2d584ced20332e7174abf94770c2dd986845a2a/docs/JsonParams/JsonParamsRU.md,c1c57bd172d8dd4fd1695051cfcd88bb5cf241c3b07558b39ea7d41d83aafb9c
pages/779c2e9811e45dbd.md,VAParams ИмяКонфигурацииСППР {ModelingConfigurationName},docs/JsonParams/JsonParamsRU.md,Отчет о запуске сценариев / ИмяКонфигурацииСППР {ModelingConfigurationName},https://github.com/Pr-Mex/vanessa-automation/blob/a2d584ced20332e7174abf94770c2dd986845a2a/docs/JsonParams/JsonParamsRU.md,8ec8881fdafd2fe2fe5bcf88ddea1b801d64f66b08602368be073a6f8a658d23
pages/5dfce0c93e974f03.md,VAParams ВерсияКонфигурацииСППР {ModelingConfigurationVersion},docs/JsonParams/JsonParamsRU.md,Отчет о запуске сценариев / ВерсияКонфигурацииСППР {ModelingConfigurationVersion},https://github.com/Pr-Mex/vanessa-automation/blob/a2d584ced20332e7174abf94770c2dd986845a2a/docs/JsonParams/JsonParamsRU.md,d2a33a7f067f952ebae5af02cee4046844428c8e0ae64928aa4ec3f77223c89a
pages/1d28f70119adc1db.md,VAParams ДелатьОтчетВФорматеCucumberJson {cucumbercreatereport},docs/JsonParams/JsonParamsRU.md,Отчет о запуске сценариев / ДелатьОтчетВФорматеCucumberJson {cucumbercreatereport},https://github.com/Pr-Mex/vanessa-automation/blob/a2d584ced20332e7174abf94770c2dd986845a2a/docs/JsonParams/JsonParamsRU.md,f10e48be80acc23bbd85461f2de57284fc3cdef85157dc8a89e152792252148c
pages/ee65be7174d299d5.md,VAParams КаталогВыгрузкиCucumberJson {cucumberreportpath},docs/JsonParams/JsonParamsRU.md,Отчет о запуске сценариев / КаталогВыгрузкиCucumberJson {cucumberreportpath},https://github.com/Pr-Mex/vanessa-automation/blob/a2d584ced20332e7174abf94770c2dd986845a2a/docs/JsonParams/JsonParamsRU.md,4f5c6ade93b22595e27d84e6be86455f9c86151538c88bbf73f2ccb03eb8979b
pages/74b87a8838b11c5a.md,VAParams ДелатьЛогОшибокВТекстовыйФайл {logerrorstotext},docs/JsonParams/JsonParamsRU.md,Отчет о запуске сценариев / ДелатьЛогОшибокВТекстовыйФайл {logerrorstotext},https://github.com/Pr-Mex/vanessa-automation/blob/a2d584ced20332e7174abf94770c2dd986845a2a/docs/JsonParams/JsonParamsRU.md,e9c6a40c1293ba95916cc7479c995e368c076d772b1c2551fb5d630785356776
pages/36ec8ca55658db4b.md,VAParams СобиратьДанныеОЗначенияхПеременных {CollectDataOnVariableValues},docs/JsonParams/JsonParamsRU.md,Отчет о запуске сценариев / СобиратьДанныеОЗначенияхПеременных {CollectDataOnVariableValues},https://github.com/Pr-Mex/vanessa-automation/blob/a2d584ced20332e7174abf94770c2dd986845a2a/docs/JsonParams/JsonParamsRU.md,bfacb87795fbbebcea982fb37068686f4c5f31f8051cc45faea1b9fe0ae28e97
pages/08bb3d483f1b49da.md,VAParams СобиратьДанныеОСостоянииАктивнойФормыПриОшибке {getactiveformdataonerror},docs/JsonParams/JsonParamsRU.md,Отчет о запуске сценариев / СобиратьДанныеОСостоянииАктивнойФормыПриОшибке {getactiveformdataonerror},https://github.com/Pr-Mex/vanessa-automation/blob/a2d584ced20332e7174abf94770c2dd986845a2a/docs/JsonParams/JsonParamsRU.md,b2b0734b16028b817b6947f849866ccaad1c39fa5de50b9ee820444bfd8419b5
pages/1970293d4bbefdab.md,VAParams СобиратьДанныеОСостоянииВсехФормПриОшибке {getallformsdataonerror},docs/JsonParams/JsonParamsRU.md,Отчет о запуске сценариев / СобиратьДанныеОСостоянииВсехФормПриОшибке {getallformsdataonerror},https://github.com/Pr-Mex/vanessa-automation/blob/a2d584ced20332e7174abf94770c2dd986845a2a/docs/JsonParams/JsonParamsRU.md,6186136a1b8d6020ab4f0b7fb9711399ed50a5b532395e22b2a7990623d65303
pages/324831814d1f452a.md,VAParams СобиратьДанныеОПроцессахОС {collectdataoftheoperatingsystemprocesses},docs/JsonParams/JsonParamsRU.md,Отчет о запуске сценариев / СобиратьДанныеОПроцессахОС {collectdataoftheoperatingsystemprocesses},https://github.com/Pr-Mex/vanessa-automation/blob/a2d584ced20332e7174abf94770c2dd986845a2a/docs/JsonParams/JsonParamsRU.md,ab101068c302be107361709f20761a9d389c85f22981d47f639ecb1db854ab55
pages/e7fe378114167b0a.md,VAParams СобиратьДанныеОСетевыхСоединениях {collectnetworkconnectiondata},docs/JsonParams/JsonParamsRU.md,Отчет о запуске сценариев / СобиратьДанныеОСетевыхСоединениях {collectnetworkconnectiondata},https://github.com/Pr-Mex/vanessa-automation/blob/a2d584ced20332e7174abf94770c2dd986845a2a/docs/JsonParams/JsonParamsRU.md,fba4d31e5a1a99da45b3270905aa0867629d1954af2050bf35431d43eea73733
pages/222739f14b28bcd9.md,VAParams ИмяКаталогаЛогОшибок {texterrorslogname},docs/JsonParams/JsonParamsRU.md,Отчет о запуске сценариев / ИмяКаталогаЛогОшибок {texterrorslogname},https://github.com/Pr-Mex/vanessa-automation/blob/a2d584ced20332e7174abf94770c2dd986845a2a/docs/JsonParams/JsonParamsRU.md,d98351ba32a7990d8a3a7838d0c69d02cc5699cfda22a2204e574afc18a37944
pages/5474143a01b28304.md,VAParams ДелатьОтчетВоВнутреннемФормате {simplereport},docs/JsonParams/JsonParamsRU.md,Отчет о запуске сценариев / ДелатьОтчетВоВнутреннемФормате {simplereport},https://github.com/Pr-Mex/vanessa-automation/blob/a2d584ced20332e7174abf94770c2dd986845a2a/docs/JsonParams/JsonParamsRU.md,dd1bf20a8ca7046c5e8988021ca6f09c76accabda6d01dd4dd35607066c91da8
pages/9df616b959f92b45.md,VAParams ИспользоватьДанныеТекущейФормыПриПодбореШагов {usecurrentformdatawhenselectingsteps},docs/JsonParams/JsonParamsRU.md,Vanessa Editor / ИспользоватьДанныеТекущейФормыПриПодбореШагов {usecurrentformdatawhenselectingsteps},https://github.com/Pr-Mex/vanessa-automation/blob/a2d584ced20332e7174abf94770c2dd986845a2a/docs/JsonParams/JsonParamsRU.md,eb01de97038a2e2b7cd521f4b8cdaaaf8db4151c5fd101da81ddbfcab97cf5d2
pages/5136e87f7f2531d0.md,VAParams ПоказыватьСтрокиПодсценариевVanessaEditor {showsubscenariolines},docs/JsonParams/JsonParamsRU.md,Vanessa Editor / ПоказыватьСтрокиПодсценариевVanessaEditor {showsubscenariolines},https://github.com/Pr-Mex/vanessa-automation/blob/a2d584ced20332e7174abf94770c2dd986845a2a/docs/JsonParams/JsonParamsRU.md,03ee33fafdbb0d6807621becfdb734c9a153f42620986fe368b991fb28552743
pages/60d729ee4188cb4f.md,VAParams ПоказыватьМиниатюруКода {showcodeminiature},docs/JsonParams/JsonParamsRU.md,Vanessa Editor / ПоказыватьМиниатюруКода {showcodeminiature},https://github.com/Pr-Mex/vanessa-automation/blob/a2d584ced20332e7174abf94770c2dd986845a2a/docs/JsonParams/JsonParamsRU.md,86917ac59c59438eef56447fa715865ccd79b307bd73eb5a504f2706345b62fb
pages/627220c55e5ef071.md,VAParams ЗаменятьТабыНаПробелы {replacetabswithspaces},docs/JsonParams/JsonParamsRU.md,Vanessa Editor / ЗаменятьТабыНаПробелы {replacetabswithspaces},https://github.com/Pr-Mex/vanessa-automation/blob/a2d584ced20332e7174abf94770c2dd986845a2a/docs/JsonParams/JsonParamsRU.md,f916627b97063c6eb19476bdcf6a133a3ab68f274ee4e0937bd8b1e1bb509f2e
pages/5151dff3df87a8c0.md,VAParams ОтображатьЗакладкиСверху {showbookmarkstop},docs/JsonParams/JsonParamsRU.md,Vanessa Editor / ОтображатьЗакладкиСверху {showbookmarkstop},https://github.com/Pr-Mex/vanessa-automation/blob/a2d584ced20332e7174abf94770c2dd986845a2a/docs/JsonParams/JsonParamsRU.md,71edf58dfbfc704e5bd210bf7e259cdc3a9302f6970afc7c94b5e7ccad30542f
pages/bd2ccaaf3ccc3295.md,VAParams ПроверкаСинтаксисаВРедакторе {syntaxcheckingineditor},docs/JsonParams/JsonParamsRU.md,Vanessa Editor / ПроверкаСинтаксисаВРедакторе {syntaxcheckingineditor},https://github.com/Pr-Mex/vanessa-automation/blob/a2d584ced20332e7174abf94770c2dd986845a2a/docs/JsonParams/JsonParamsRU.md,0c0d995139964999d311a8f03a323c5963a90334b1e35528950a7ff7c052e466
pages/8fe55930e9e0df07.md,VAParams ПоказыватьРазличияВРедактореОтдельно {showdifferencesineditorseparately},docs/JsonParams/JsonParamsRU.md,Vanessa Editor / ПоказыватьРазличияВРедактореОтдельно {showdifferencesineditorseparately},https://github.com/Pr-Mex/vanessa-automation/blob/a2d584ced20332e7174abf94770c2dd986845a2a/docs/JsonParams/JsonParamsRU.md,924f90eab9cbce9d8c245e35162ee0a1e1485978ead91d1195873b6bda7dcbf4
pages/35c68f7bdff64098.md,VAParams ОткрыватьНачальнуюСтраницуПриЗапуске {OpenStartPageAtStartup},docs/JsonParams/JsonParamsRU.md,Vanessa Editor / ОткрыватьНачальнуюСтраницуПриЗапуске {OpenStartPageAtStartup},https://github.com/Pr-Mex/vanessa-automation/blob/a2d584ced20332e7174abf94770c2dd986845a2a/docs/JsonParams/JsonParamsRU.md,1744183826647f768e25e61f8c349928979df95e230cf677b44bd5390ca8ddf2
pages/f3abf4bef470f987.md,VAParams ПоказыватьЗначенияПеременныхВСтрокахРедактора {ShowVariableValuesInEditorLines},docs/JsonParams/JsonParamsRU.md,Vanessa Editor / ПоказыватьЗначенияПеременныхВСтрокахРедактора {ShowVariableValuesInEditorLines},https://github.com/Pr-Mex/vanessa-automation/blob/a2d584ced20332e7174abf94770c2dd986845a2a/docs/JsonParams/JsonParamsRU.md,8d951d0c02f942b8233e4901113724f285a7124c0da639d256091d1404f155cc
pages/f8de300a695272b9.md,VAParams ПриНажатииЭскейпВРедактореЗакрытьФорму {OnClickingEscapeInTheEditorCloseTheForm},docs/JsonParams/JsonParamsRU.md,Vanessa Editor / ПриНажатииЭскейпВРедактореЗакрытьФорму {OnClickingEscapeInTheEditorCloseTheForm},https://github.com/Pr-Mex/vanessa-automation/blob/a2d584ced20332e7174abf94770c2dd986845a2a/docs/JsonParams/JsonParamsRU.md,aadc06c9d696717e71359b3eabe4d09e14db1ddfc3b4358799ea936e11bbab50
pages/5a6c967a26b154bb.md,VAParams ОтображениеТабуляцииИПробелов {displayingtabsandspaces},docs/JsonParams/JsonParamsRU.md,Vanessa Editor / ОтображениеТабуляцииИПробелов {displayingtabsandspaces},https://github.com/Pr-Mex/vanessa-automation/blob/a2d584ced20332e7174abf94770c2dd986845a2a/docs/JsonParams/JsonParamsRU.md,6cb9ed0fbc77d4939c7b6d60509ae9d0be37db69360d04b5c5946a7716196ca6
pages/cd7c7aac6d27271a.md,VAParams ТемаРедактораVanessaEditor {vanessaeditortheme},docs/JsonParams/JsonParamsRU.md,Vanessa Editor / ТемаРедактораVanessaEditor {vanessaeditortheme},https://github.com/Pr-Mex/vanessa-automation/blob/a2d584ced20332e7174abf94770c2dd986845a2a/docs/JsonParams/JsonParamsRU.md,7f93498c9edfdc9ada475c1da1105201a990beb8b10f29d81238a93b700895ac
pages/c68ce9f834fb3034.md,VAParams КаталогиБиблиотек {librarycatalogs},docs/JsonParams/JsonParamsRU.md,Библиотеки / КаталогиБиблиотек {librarycatalogs},https://github.com/Pr-Mex/vanessa-automation/blob/a2d584ced20332e7174abf94770c2dd986845a2a/docs/JsonParams/JsonParamsRU.md,4a9d7120d5a61f5f7ca50c87d4bb4ec39793d72e3be1173cc64730d5319a430f
pages/5ffb1f32372c4cbe.md,VAParams МетаданныеБиблиотек {stepsfrommetadata},docs/JsonParams/JsonParamsRU.md,Библиотеки / МетаданныеБиблиотек {stepsfrommetadata},https://github.com/Pr-Mex/vanessa-automation/blob/a2d584ced20332e7174abf94770c2dd986845a2a/docs/JsonParams/JsonParamsRU.md,59656f63fbea6c9bf4a5000cc742cee9c41bcee411fea1922904c34247054d2a
pages/f6bd7763b105cbb3.md,VAParams ДанныеКлиентовТестирования {datatestclients},docs/JsonParams/JsonParamsRU.md,Клиенты тестирования / ДанныеКлиентовТестирования {datatestclients},https://github.com/Pr-Mex/vanessa-automation/blob/a2d584ced20332e7174abf94770c2dd986845a2a/docs/JsonParams/JsonParamsRU.md,61dd0c7f0be1b9478d38d3a1f19db539d5c256341a27df4618687af65b4a98a5
pages/72487c5b38250a40.md,Знакомство СVanessa Automation Основные Элементы Формы,docs/MainHelp/1.2.043.1/Глава01/ЗнакомствоСVanessaAutomationОсновныеЭлементыФормы.MD,Знакомство СVanessa Automation Основные Элементы Формы,https://github.com/Pr-Mex/vanessa-automation/blob/a2d584ced20332e7174abf94770c2dd986845a2a/docs/MainHelp/1.2.043.1/%D0%93%D0%BB%D0%B0%D0%B2%D0%B001/%D0%97%D0%BD%D0%B0%D0%BA%D0%BE%D0%BC%D1%81%D1%82%D0%B2%D0%BE%D0%A1VanessaAutomation%D0%9E%D1%81%D0%BD%D0%BE%D0%B2%D0%BD%D1%8B%D0%B5%D0%AD%D0%BB%D0%B5%D0%BC%D0%B5%D0%BD%D1%82%D1%8B%D0%A4%D0%BE%D1%80%D0%BC%D1%8B.MD,fcf6ff61c6c49db38026fd4e0dae7992ad56cacc4427d0eeb8d5d9241d54d780
pages/1064979acb1196ff.md,Что Такое Vanessa Automation,docs/MainHelp/1.2.043.1/Глава01/ЧтоТакоеVanessaAutomation.MD,Что Такое Vanessa Automation,https://github.com/Pr-Mex/vanessa-automation/blob/a2d584ced20332e7174abf94770c2dd986845a2a/docs/MainHelp/1.2.043.1/%D0%93%D0%BB%D0%B0%D0%B2%D0%B001/%D0%A7%D1%82%D0%BE%D0%A2%D0%B0%D0%BA%D0%BE%D0%B5VanessaAutomation.MD,3b9d19ccc9fbfe7abd7b235c19f6a88eabb1384f81956e1910d93d37240b601f
pages/9af6ec4c985ce851.md,Закладка Сервис Vanessa Editor,docs/MainHelp/1.2.043.1/Глава02/ЗакладкаСервисVanessaEditor.MD,Закладка Сервис Vanessa Editor,https://github.com/Pr-Mex/vanessa-automation/blob/a2d584ced20332e7174abf94770c2dd986845a2a/docs/MainHelp/1.2.043.1/%D0%93%D0%BB%D0%B0%D0%B2%D0%B002/%D0%97%D0%B0%D0%BA%D0%BB%D0%B0%D0%B4%D0%BA%D0%B0%D0%A1%D0%B5%D1%80%D0%B2%D0%B8%D1%81VanessaEditor.MD,049d24843bf979c4031b8cae9c3be11d16d3b7b436439ea41cb3c01e154157e5
pages/711dac2bfe5fa307.md,Закладка Сервис Выполнение При Возникновении Ошибки,docs/MainHelp/1.2.043.1/Глава02/ЗакладкаСервисВыполнениеПриВозникновенииОшибки.MD,Закладка Сервис Выполнение При Возникновении Ошибки,https://github.com/Pr-Mex/vanessa-automation/blob/a2d584ced20332e7174abf94770c2dd986845a2a/docs/MainHelp/1.2.043.1/%D0%93%D0%BB%D0%B0%D0%B2%D0%B002/%D0%97%D0%B0%D0%BA%D0%BB%D0%B0%D0%B4%D0%BA%D0%B0%D0%A1%D0%B5%D1%80%D0%B2%D0%B8%D1%81%D0%92%D1%8B%D0%BF%D0%BE%D0%BB%D0%BD%D0%B5%D0%BD%D0%B8%D0%B5%D0%9F%D1%80%D0%B8%D0%92%D0%BE%D0%B7%D0%BD%D0%B8%D0%BA%D0%BD%D0%BE%D0%B2%D0%B5%D0%BD%D0%B8%D0%B8%D0%9E%D1%88%D0%B8%D0%B1%D0%BA%D0%B8.MD,3f91bb545b5e4bc45ed711a7a1960b51e58a44602a2b71dd78d2a11aa5dcde04
pages/7cf7fce5565ac441.md,Закладка Сервис Выполнение Скорость Выполнения,docs/MainHelp/1.2.043.1/Глава02/ЗакладкаСервисВыполнениеСкоростьВыполнения.MD,Закладка Сервис Выполнение Скорость Выполнения,https://github.com/Pr-Mex/vanessa-automation/blob/a2d584ced20332e7174abf94770c2dd986845a2a/docs/MainHelp/1.2.043.1/%D0%93%D0%BB%D0%B0%D0%B2%D0%B002/%D0%97%D0%B0%D0%BA%D0%BB%D0%B0%D0%B4%D0%BA%D0%B0%D0%A1%D0%B5%D1%80%D0%B2%D0%B8%D1%81%D0%92%D1%8B%D0%BF%D0%BE%D0%BB%D0%BD%D0%B5%D0%BD%D0%B8%D0%B5%D0%A1%D0%BA%D0%BE%D1%80%D0%BE%D1%81%D1%82%D1%8C%D0%92%D1%8B%D0%BF%D0%BE%D0%BB%D0%BD%D0%B5%D0%BD%D0%B8%D1%8F.MD,92c1cd9ca56c6dc70c379a763d9b999fe09e741a9e9dd7485022d19d7ecadb40
pages/f0bf78fe0c3fac6d.md,Закладка Сервис Выполнение Сценариев Логирование ИОповещение,docs/MainHelp/1.2.043.1/Глава02/ЗакладкаСервисВыполнениеСценариевЛогированиеИОповещение.MD,Закладка Сервис Выполнение Сценариев Логирование ИОповещение,https://github.com/Pr-Mex/vanessa-automation/blob/a2d584ced20332e7174abf94770c2dd986845a2a/docs/MainHelp/1.2.043.1/%D0%93%D0%BB%D0%B0%D0%B2%D0%B002/%D0%97%D0%B0%D0%BA%D0%BB%D0%B0%D0%B4%D0%BA%D0%B0%D0%A1%D0%B5%D1%80%D0%B2%D0%B8%D1%81%D0%92%D1%8B%D0%BF%D0%BE%D0%BB%D0%BD%D0%B5%D0%BD%D0%B8%D0%B5%D0%A1%D1%86%D0%B5%D0%BD%D0%B0%D1%80%D0%B8%D0%B5%D0%B2%D0%9B%D0%BE%D0%B3%D0%B8%D1%80%D0%BE%D0%B2%D0%B0%D0%BD%D0%B8%D0%B5%D0%98%D0%9E%D0%BF%D0%BE%D0%B2%D0%B5%D1%89%D0%B5%D0%BD%D0%B8%D0%B5.MD,8b0cd26fad4063984c2ccbfe774b1b64ecb0a6fcc94d8ec342dfd4d7b28969a6
pages/1ad2c31bed0d85c9.md,Закладка Сервис Выполнение Сценариев Обновление Данных ВДереве,docs/MainHelp/1.2.043.1/Глава02/ЗакладкаСервисВыполнениеСценариевОбновлениеДанныхВДереве.MD,Закладка Сервис Выполнение Сценариев Обновление Данных ВДереве,https://github.com/Pr-Mex/vanessa-automation/blob/a2d584ced20332e7174abf94770c2dd986845a2a/docs/MainHelp/1.2.043.1/%D0%93%D0%BB%D0%B0%D0%B2%D0%B002/%D0%97%D0%B0%D0%BA%D0%BB%D0%B0%D0%B4%D0%BA%D0%B0%D0%A1%D0%B5%D1%80%D0%B2%D0%B8%D1%81%D0%92%D1%8B%D0%BF%D0%BE%D0%BB%D0%BD%D0%B5%D0%BD%D0%B8%D0%B5%D0%A1%D1%86%D0%B5%D0%BD%D0%B0%D1%80%D0%B8%D0%B5%D0%B2%D0%9E%D0%B1%D0%BD%D0%BE%D0%B2%D0%BB%D0%B5%D0%BD%D0%B8%D0%B5%D0%94%D0%B0%D0%BD%D0%BD%D1%8B%D1%85%D0%92%D0%94%D0%B5%D1%80%D0%B5%D0%B2%D0%B5.MD,ac2f825a4e42ca636a78ab6d690fb1658c666fd32e390be7283b96ca92ca5515
pages/0c2abbea43958176.md,Закладка Сервис Выполнение Сценариев Обновлять Статистику,docs/MainHelp/1.2.043.1/Глава02/ЗакладкаСервисВыполнениеСценариевОбновлятьСтатистику.MD,Закладка Сервис Выполнение Сценариев Обновлять Статистику,https://github.com/Pr-Mex/vanessa-automation/blob/a2d584ced20332e7174abf94770c2dd986845a2a/docs/MainHelp/1.2.043.1/%D0%93%D0%BB%D0%B0%D0%B2%D0%B002/%D0%97%D0%B0%D0%BA%D0%BB%D0%B0%D0%B4%D0%BA%D0%B0%D0%A1%D0%B5%D1%80%D0%B2%D0%B8%D1%81%D0%92%D1%8B%D0%BF%D0%BE%D0%BB%D0%BD%D0%B5%D0%BD%D0%B8%D0%B5%D0%A1%D1%86%D0%B5%D0%BD%D0%B0%D1%80%D0%B8%D0%B5%D0%B2%D0%9E%D0%B1%D0%BD%D0%BE%D0%B2%D0%BB%D1%8F%D1%82%D1%8C%D0%A1%D1%82%D0%B0%D1%82%D0%B8%D1%81%D1%82%D0%B8%D0%BA%D1%83.MD,e00f5d9d54a78a0ab4b9e7103fc329b9ecdada38ea0244a75356bd872704bf32
pages/2eaad60ce63b80cb.md,Закладка Сервис Выполнение Сценариев Остановить Выполнение Сценария,docs/MainHelp/1.2.043.1/Глава02/ЗакладкаСервисВыполнениеСценариевОстановитьВыполнениеСценария.MD,Закладка Сервис Выполнение Сценариев Остановить Выполнение Сценария,https://github.com/Pr-Mex/vanessa-automation/blob/a2d584ced20332e7174abf94770c2dd986845a2a/docs/MainHelp/1.2.043.1/%D0%93%D0%BB%D0%B0%D0%B2%D0%B002/%D0%97%D0%B0%D0%BA%D0%BB%D0%B0%D0%B4%D0%BA%D0%B0%D0%A1%D0%B5%D1%80%D0%B2%D0%B8%D1%81%D0%92%D1%8B%D0%BF%D0%BE%D0%BB%D0%BD%D0%B5%D0%BD%D0%B8%D0%B5%D0%A1%D1%86%D0%B5%D0%BD%D0%B0%D1%80%D0%B8%D0%B5%D0%B2%D0%9E%D1%81%D1%82%D0%B0%D0%BD%D0%BE%D0%B2%D0%B8%D1%82%D1%8C%D0%92%D1%8B%D0%BF%D0%BE%D0%BB%D0%BD%D0%B5%D0%BD%D0%B8%D0%B5%D0%A1%D1%86%D0%B5%D0%BD%D0%B0%D1%80%D0%B8%D1%8F.MD,5677938979c9427a5496ea76f98ac3c2fe561751e3e1dea7329de7d85f180db7
pages/dd19e6c355e5a068.md,Закладка Сервис Выполнение Сценариев Прочее,docs/MainHelp/1.2.043.1/Глава02/ЗакладкаСервисВыполнениеСценариевПрочее.MD,Закладка Сервис Выполнение Сценариев Прочее,https://github.com/Pr-Mex/vanessa-automation/blob/a2d584ced20332e7174abf94770c2dd986845a2a/docs/MainHelp/1.2.043.1/%D0%93%D0%BB%D0%B0%D0%B2%D0%B002/%D0%97%D0%B0%D0%BA%D0%BB%D0%B0%D0%B4%D0%BA%D0%B0%D0%A1%D0%B5%D1%80%D0%B2%D0%B8%D1%81%D0%92%D1%8B%D0%BF%D0%BE%D0%BB%D0%BD%D0%B5%D0%BD%D0%B8%D0%B5%D0%A1%D1%86%D0%B5%D0%BD%D0%B0%D1%80%D0%B8%D0%B5%D0%B2%D0%9F%D1%80%D0%BE%D1%87%D0%B5%D0%B5.MD,ec1b785ca52113db04967b1d7c77c73fcc133c7a5afe94315276a32172981b3f
pages/3d7d0542d7f620e5.md,Закладка Сервис Выполнение Сценариев Стабилизация Выполнения Тестов,docs/MainHelp/1.2.043.1/Глава02/ЗакладкаСервисВыполнениеСценариевСтабилизацияВыполненияТестов.MD,Закладка Сервис Выполнение Сценариев Стабилизация Выполнения Тестов,https://github.com/Pr-Mex/vanessa-automation/blob/a2d584ced20332e7174abf94770c2dd986845a2a/docs/MainHelp/1.2.043.1/%D0%93%D0%BB%D0%B0%D0%B2%D0%B002/%D0%97%D0%B0%D0%BA%D0%BB%D0%B0%D0%B4%D0%BA%D0%B0%D0%A1%D0%B5%D1%80%D0%B2%D0%B8%D1%81%D0%92%D1%8B%D0%BF%D0%BE%D0%BB%D0%BD%D0%B5%D0%BD%D0%B8%D0%B5%D0%A1%D1%86%D0%B5%D0%BD%D0%B0%D1%80%D0%B8%D0%B5%D0%B2%D0%A1%D1%82%D0%B0%D0%B1%D0%B8%D0%BB%D0%B8%D0%B7%D0%B0%D1%86%D0%B8%D1%8F%D0%92%D1%8B%D0%BF%D0%BE%D0%BB%D0%BD%D0%B5%D0%BD%D0%B8%D1%8F%D0%A2%D0%B5%D1%81%D1%82%D0%BE%D0%B2.MD,2bc6ff41ce2f579e6cf4007c3dbeb749d2e55a16408e35ed46bc4b61893be5a5
pages/1e061e12fab91b53.md,Закладка Сервис Выполнение Сценариев Статусы Сценариев,docs/MainHelp/1.2.043.1/Глава02/ЗакладкаСервисВыполнениеСценариевСтатусыСценариев.MD,Закладка Сервис Выполнение Сценариев Статусы Сценариев,https://github.com/Pr-Mex/vanessa-automation/blob/a2d584ced20332e7174abf94770c2dd986845a2a/docs/MainHelp/1.2.043.1/%D0%93%D0%BB%D0%B0%D0%B2%D0%B002/%D0%97%D0%B0%D0%BA%D0%BB%D0%B0%D0%B4%D0%BA%D0%B0%D0%A1%D0%B5%D1%80%D0%B2%D0%B8%D1%81%D0%92%D1%8B%D0%BF%D0%BE%D0%BB%D0%BD%D0%B5%D0%BD%D0%B8%D0%B5%D0%A1%D1%86%D0%B5%D0%BD%D0%B0%D1%80%D0%B8%D0%B5%D0%B2%D0%A1%D1%82%D0%B0%D1%82%D1%83%D1%81%D1%8B%D0%A1%D1%86%D0%B5%D0%BD%D0%B0%D1%80%D0%B8%D0%B5%D0%B2.MD,dc5a44e01b4c259e4f39bf9e6ee91fc14c79c6da706333aeea8cb7d024eb07f8
pages/59bbb4c52fab7511.md,Закладка Сервис Настройки Клиентов Тестирования Закрытие Клиента Тестирования,docs/MainHelp/1.2.043.1/Глава02/ЗакладкаСервисНастройкиКлиентовТестированияЗакрытиеКлиентаТестирования.MD,Закладка Сервис Настройки Клиентов Тестирования Закрытие Клиента Тестирования,https://github.com/Pr-Mex/vanessa-automation/blob/a2d584ced20332e7174abf94770c2dd986845a2a/docs/MainHelp/1.2.043.1/%D0%93%D0%BB%D0%B0%D0%B2%D0%B002/%D0%97%D0%B0%D0%BA%D0%BB%D0%B0%D0%B4%D0%BA%D0%B0%D0%A1%D0%B5%D1%80%D0%B2%D0%B8%D1%81%D0%9D%D0%B0%D1%81%D1%82%D1%80%D0%BE%D0%B9%D0%BA%D0%B8%D0%9A%D0%BB%D0%B8%D0%B5%D0%BD%D1%82%D0%BE%D0%B2%D0%A2%D0%B5%D1%81%D1%82%D0%B8%D1%80%D0%BE%D0%B2%D0%B0%D0%BD%D0%B8%D1%8F%D0%97%D0%B0%D0%BA%D1%80%D1%8B%D1%82%D0%B8%D0%B5%D0%9A%D0%BB%D0%B8%D0%B5%D0%BD%D1%82%D0%B0%D0%A2%D0%B5%D1%81%D1%82%D0%B8%D1%80%D0%BE%D0%B2%D0%B0%D0%BD%D0%B8%D1%8F.MD,b1e246690caf8964abadf74227b07ad5fec1eb54b7808ec9ece4f1fae9f83fba
pages/1f6bb034edb5a177.md,Закладка Сервис Настройки Клиентов Тестирования Запуск Браузера,docs/MainHelp/1.2.043.1/Глава02/ЗакладкаСервисНастройкиКлиентовТестированияЗапускБраузера.MD,Закладка Сервис Настройки Клиентов Тестирования Запуск Браузера,https://github.com/Pr-Mex/vanessa-automation/blob/a2d584ced20332e7174abf94770c2dd986845a2a/docs/MainHelp/1.2.043.1/%D0%93%D0%BB%D0%B0%D0%B2%D0%B002/%D0%97%D0%B0%D0%BA%D0%BB%D0%B0%D0%B4%D0%BA%D0%B0%D0%A1%D0%B5%D1%80%D0%B2%D0%B8%D1%81%D0%9D%D0%B0%D1%81%D1%82%D1%80%D0%BE%D0%B9%D0%BA%D0%B8%D0%9A%D0%BB%D0%B8%D0%B5%D0%BD%D1%82%D0%BE%D0%B2%D0%A2%D0%B5%D1%81%D1%82%D0%B8%D1%80%D0%BE%D0%B2%D0%B0%D0%BD%D0%B8%D1%8F%D0%97%D0%B0%D0%BF%D1%83%D1%81%D0%BA%D0%91%D1%80%D0%B0%D1%83%D0%B7%D0%B5%D1%80%D0%B0.MD,4940b536fa91bd13c2367b60f66203034a3597b97696f16057c06a64d297ed91
pages/ef69cbe9c40b1ee3.md,Закладка Сервис Настройки Клиентов Тестирования Запуск Клиента Тестирования,docs/MainHelp/1.2.043.1/Глава02/ЗакладкаСервисНастройкиКлиентовТестированияЗапускКлиентаТестирования.MD,Закладка Сервис Настройки Клиентов Тестирования Запуск Клиента Тестирования,https://github.com/Pr-Mex/vanessa-automation/blob/a2d584ced20332e7174abf94770c2dd986845a2a/docs/MainHelp/1.2.043.1/%D0%93%D0%BB%D0%B0%D0%B2%D0%B002/%D0%97%D0%B0%D0%BA%D0%BB%D0%B0%D0%B4%D0%BA%D0%B0%D0%A1%D0%B5%D1%80%D0%B2%D0%B8%D1%81%D0%9D%D0%B0%D1%81%D1%82%D1%80%D0%BE%D0%B9%D0%BA%D0%B8%D0%9A%D0%BB%D0%B8%D0%B5%D0%BD%D1%82%D0%BE%D0%B2%D0%A2%D0%B5%D1%81%D1%82%D0%B8%D1%80%D0%BE%D0%B2%D0%B0%D0%BD%D0%B8%D1%8F%D0%97%D0%B0%D0%BF%D1%83%D1%81%D0%BA%D0%9A%D0%BB%D0%B8%D0%B5%D0%BD%D1%82%D0%B0%D0%A2%D0%B5%D1%81%D1%82%D0%B8%D1%80%D0%BE%D0%B2%D0%B0%D0%BD%D0%B8%D1%8F.MD,92f8b85282eab2813603d6c3c9baf271794dd16625b842964c60f9695b1d7909
pages/60a3f7e62427d032.md,Закладка Сервис Настройки Клиентов Тестирования Мобильный Клиент,docs/MainHelp/1.2.043.1/Глава02/ЗакладкаСервисНастройкиКлиентовТестированияМобильныйКлиент.MD,Закладка Сервис Настройки Клиентов Тестирования Мобильный Клиент,https://github.com/Pr-Mex/vanessa-automation/blob/a2d584ced20332e7174abf94770c2dd986845a2a/docs/MainHelp/1.2.043.1/%D0%93%D0%BB%D0%B0%D0%B2%D0%B002/%D0%97%D0%B0%D0%BA%D0%BB%D0%B0%D0%B4%D0%BA%D0%B0%D0%A1%D0%B5%D1%80%D0%B2%D0%B8%D1%81%D0%9D%D0%B0%D1%81%D1%82%D1%80%D0%BE%D0%B9%D0%BA%D0%B8%D0%9A%D0%BB%D0%B8%D0%B5%D0%BD%D1%82%D0%BE%D0%B2%D0%A2%D0%B5%D1%81%D1%82%D0%B8%D1%80%D0%BE%D0%B2%D0%B0%D0%BD%D0%B8%D1%8F%D0%9C%D0%BE%D0%B1%D0%B8%D0%BB%D1%8C%D0%BD%D1%8B%D0%B9%D0%9A%D0%BB%D0%B8%D0%B5%D0%BD%D1%82.MD,6c7e456570100e1692c51b0066d6a145b93630c6f811e267e94d14ed1c7dc5b4
pages/6fc0f896c07cc28d.md,Закладка Сервис Настройки Клиентов Тестирования Отладка Клиента Тестирования,docs/MainHelp/1.2.043.1/Глава02/ЗакладкаСервисНастройкиКлиентовТестированияОтладкаКлиентаТестирования.MD,Закладка Сервис Настройки Клиентов Тестирования Отладка Клиента Тестирования,https://github.com/Pr-Mex/vanessa-automation/blob/a2d584ced20332e7174abf94770c2dd986845a2a/docs/MainHelp/1.2.043.1/%D0%93%D0%BB%D0%B0%D0%B2%D0%B002/%D0%97%D0%B0%D0%BA%D0%BB%D0%B0%D0%B4%D0%BA%D0%B0%D0%A1%D0%B5%D1%80%D0%B2%D0%B8%D1%81%D0%9D%D0%B0%D1%81%D1%82%D1%80%D0%BE%D0%B9%D0%BA%D0%B8%D0%9A%D0%BB%D0%B8%D0%B5%D0%BD%D1%82%D0%BE%D0%B2%D0%A2%D0%B5%D1%81%D1%82%D0%B8%D1%80%D0%BE%D0%B2%D0%B0%D0%BD%D0%B8%D1%8F%D0%9E%D1%82%D0%BB%D0%B0%D0%B4%D0%BA%D0%B0%D0%9A%D0%BB%D0%B8%D0%B5%D0%BD%D1%82%D0%B0%D0%A2%D0%B5%D1%81%D1%82%D0%B8%D1%80%D0%BE%D0%B2%D0%B0%D0%BD%D0%B8%D1%8F.MD,620b8fa70b89dd7a559e9ef17f55185b56e5e307cfdd3f227d33711a001979a7
pages/306f2ef8bfba748a.md,Закладка Сервис Основные Внешняя Компонента Vanessa Ext,docs/MainHelp/1.2.043.1/Глава02/ЗакладкаСервисОсновныеВнешняяКомпонентаVanessaExt.MD,Закладка Сервис Основные Внешняя Компонента Vanessa Ext,https://github.com/Pr-Mex/vanessa-automation/blob/a2d584ced20332e7174abf94770c2dd986845a2a/docs/MainHelp/1.2.043.1/%D0%93%D0%BB%D0%B0%D0%B2%D0%B002/%D0%97%D0%B0%D0%BA%D0%BB%D0%B0%D0%B4%D0%BA%D0%B0%D0%A1%D0%B5%D1%80%D0%B2%D0%B8%D1%81%D0%9E%D1%81%D0%BD%D0%BE%D0%B2%D0%BD%D1%8B%D0%B5%D0%92%D0%BD%D0%B5%D1%88%D0%BD%D1%8F%D1%8F%D0%9A%D0%BE%D0%BC%D0%BF%D0%BE%D0%BD%D0%B5%D0%BD%D1%82%D0%B0VanessaExt.MD,43d5597a2a42cd25043c76009088731f389a42bff6efc1d16837ba7f9906a361
pages/1f64df99c6369636.md,Закладка Сервис Основные Дымовые Тесты,docs/MainHelp/1.2.043.1/Глава02/ЗакладкаСервисОсновныеДымовыеТесты.MD,Закладка Сервис Основные Дымовые Тесты,https://github.com/Pr-Mex/vanessa-automation/blob/a2d584ced20332e7174abf94770c2dd986845a2a/docs/MainHelp/1.2.043.1/%D0%93%D0%BB%D0%B0%D0%B2%D0%B002/%D0%97%D0%B0%D0%BA%D0%BB%D0%B0%D0%B4%D0%BA%D0%B0%D0%A1%D0%B5%D1%80%D0%B2%D0%B8%D1%81%D0%9E%D1%81%D0%BD%D0%BE%D0%B2%D0%BD%D1%8B%D0%B5%D0%94%D1%8B%D0%BC%D0%BE%D0%B2%D1%8B%D0%B5%D0%A2%D0%B5%D1%81%D1%82%D1%8B.MD,10ded8c30096885dc9be12312d010c34c463a15a441bf769841f99b1ba59ff7e
pages/49e348c1b6bf7b6b.md,Закладка Сервис Основные Запись Действий Пользователя,docs/MainHelp/1.2.043.1/Глава02/ЗакладкаСервисОсновныеЗаписьДействийПользователя.MD,Закладка Сервис Основные Запись Действий Пользователя,https://github.com/Pr-Mex/vanessa-automation/blob/a2d584ced20332e7174abf94770c2dd986845a2a/docs/MainHelp/1.2.043.1/%D0%93%D0%BB%D0%B0%D0%B2%D0%B002/%D0%97%D0%B0%D0%BA%D0%BB%D0%B0%D0%B4%D0%BA%D0%B0%D0%A1%D0%B5%D1%80%D0%B2%D0%B8%D1%81%D0%9E%D1%81%D0%BD%D0%BE%D0%B2%D0%BD%D1%8B%D0%B5%D0%97%D0%B0%D0%BF%D0%B8%D1%81%D1%8C%D0%94%D0%B5%D0%B9%D1%81%D1%82%D0%B2%D0%B8%D0%B9%D0%9F%D0%BE%D0%BB%D1%8C%D0%B7%D0%BE%D0%B2%D0%B0%D1%82%D0%B5%D0%BB%D1%8F.MD,4bd87ccb9f70b23311860487b25c8d232487a8a3a1ea331584846fb29f58f51e
pages/6f7f8fdb2b9f6e41.md,Закладка Сервис Основные Отбор По Сценариям,docs/MainHelp/1.2.043.1/Глава02/ЗакладкаСервисОсновныеОтборПоСценариям.MD,Закладка Сервис Основные Отбор По Сценариям,https://github.com/Pr-Mex/vanessa-automation/blob/a2d584ced20332e7174abf94770c2dd986845a2a/docs/MainHelp/1.2.043.1/%D0%93%D0%BB%D0%B0%D0%B2%D0%B002/%D0%97%D0%B0%D0%BA%D0%BB%D0%B0%D0%B4%D0%BA%D0%B0%D0%A1%D0%B5%D1%80%D0%B2%D0%B8%D1%81%D0%9E%D1%81%D0%BD%D0%BE%D0%B2%D0%BD%D1%8B%D0%B5%D0%9E%D1%82%D0%B1%D0%BE%D1%80%D0%9F%D0%BE%D0%A1%D1%86%D0%B5%D0%BD%D0%B0%D1%80%D0%B8%D1%8F%D0%BC.MD,78c4ffd6c8926ee171c7c630d664b37c2e033bb46b7aa03cb7d2f2aace599c36
pages/360e704fbad98c59.md,Закладка Сервис Основные Прочее,docs/MainHelp/1.2.043.1/Глава02/ЗакладкаСервисОсновныеПрочее.MD,Закладка Сервис Основные Прочее,https://github.com/Pr-Mex/vanessa-automation/blob/a2d584ced20332e7174abf94770c2dd986845a2a/docs/MainHelp/1.2.043.1/%D0%93%D0%BB%D0%B0%D0%B2%D0%B002/%D0%97%D0%B0%D0%BA%D0%BB%D0%B0%D0%B4%D0%BA%D0%B0%D0%A1%D0%B5%D1%80%D0%B2%D0%B8%D1%81%D0%9E%D1%81%D0%BD%D0%BE%D0%B2%D0%BD%D1%8B%D0%B5%D0%9F%D1%80%D0%BE%D1%87%D0%B5%D0%B5.MD,4bd2a390af115bd0e3e985bba9a4bf858a56eff79b5d843088734dccb35054bb
pages/f939048b0069d5d2.md,Закладка Сервис Основные Сброс Настроек,docs/MainHelp/1.2.043.1/Глава02/ЗакладкаСервисОсновныеСбросНастроек.MD,Закладка Сервис Основные Сброс Настроек,https://github.com/Pr-Mex/vanessa-automation/blob/a2d584ced20332e7174abf94770c2dd986845a2a/docs/MainHelp/1.2.043.1/%D0%93%D0%BB%D0%B0%D0%B2%D0%B002/%D0%97%D0%B0%D0%BA%D0%BB%D0%B0%D0%B4%D0%BA%D0%B0%D0%A1%D0%B5%D1%80%D0%B2%D0%B8%D1%81%D0%9E%D1%81%D0%BD%D0%BE%D0%B2%D0%BD%D1%8B%D0%B5%D0%A1%D0%B1%D1%80%D0%BE%D1%81%D0%9D%D0%B0%D1%81%D1%82%D1%80%D0%BE%D0%B5%D0%BA.MD,3b040fd751a755cdb4195ae926deda0c241941ae9c83cad0a4cc4265ac8c9964
pages/fb64043d9646a637.md,Закладка Сервис Основные Системные Каталоги,docs/MainHelp/1.2.043.1/Глава02/ЗакладкаСервисОсновныеСистемныеКаталоги.MD,Закладка Сервис Основные Системные Каталоги,https://github.com/Pr-Mex/vanessa-automation/blob/a2d584ced20332e7174abf94770c2dd986845a2a/docs/MainHelp/1.2.043.1/%D0%93%D0%BB%D0%B0%D0%B2%D0%B002/%D0%97%D0%B0%D0%BA%D0%BB%D0%B0%D0%B4%D0%BA%D0%B0%D0%A1%D0%B5%D1%80%D0%B2%D0%B8%D1%81%D0%9E%D1%81%D0%BD%D0%BE%D0%B2%D0%BD%D1%8B%D0%B5%D0%A1%D0%B8%D1%81%D1%82%D0%B5%D0%BC%D0%BD%D1%8B%D0%B5%D0%9A%D0%B0%D1%82%D0%B0%D0%BB%D0%BE%D0%B3%D0%B8.MD,aab39cb90d0bef037485590f2f59f57886e455292478c377e79b8352234b0c67
pages/b47d78bd031a943a.md,Закладка Сервис Основные Системные Настройки,docs/MainHelp/1.2.043.1/Глава02/ЗакладкаСервисОсновныеСистемныеНастройки.MD,Закладка Сервис Основные Системные Настройки,https://github.com/Pr-Mex/vanessa-automation/blob/a2d584ced20332e7174abf94770c2dd986845a2a/docs/MainHelp/1.2.043.1/%D0%93%D0%BB%D0%B0%D0%B2%D0%B002/%D0%97%D0%B0%D0%BA%D0%BB%D0%B0%D0%B4%D0%BA%D0%B0%D0%A1%D0%B5%D1%80%D0%B2%D0%B8%D1%81%D0%9E%D1%81%D0%BD%D0%BE%D0%B2%D0%BD%D1%8B%D0%B5%D0%A1%D0%B8%D1%81%D1%82%D0%B5%D0%BC%D0%BD%D1%8B%D0%B5%D0%9D%D0%B0%D1%81%D1%82%D1%80%D0%BE%D0%B9%D0%BA%D0%B8.MD,fd6e549d05a0bc651b6376705a35635b23031fa8355e86a2c6210ed792978d4e
pages/a2f206c2c27c11e4.md,Закладка Сервис Основные Теги,docs/MainHelp/1.2.043.1/Глава02/ЗакладкаСервисОсновныеТеги.MD,Закладка Сервис Основные Теги,https://github.com/Pr-Mex/vanessa-automation/blob/a2d584ced20332e7174abf94770c2dd986845a2a/docs/MainHelp/1.2.043.1/%D0%93%D0%BB%D0%B0%D0%B2%D0%B002/%D0%97%D0%B0%D0%BA%D0%BB%D0%B0%D0%B4%D0%BA%D0%B0%D0%A1%D0%B5%D1%80%D0%B2%D0%B8%D1%81%D0%9E%D1%81%D0%BD%D0%BE%D0%B2%D0%BD%D1%8B%D0%B5%D0%A2%D0%B5%D0%B3%D0%B8.MD,e327835b4d1a5feeade346d841654b370b2833e6ee89588ede9fc0f99ba37cc8
pages/14936a3c1617801f.md,Закладка Сервис Отчеты ОЗапуске Сценариев Allure Метки,docs/MainHelp/1.2.043.1/Глава02/ЗакладкаСервисОтчетыОЗапускеСценариевAllureМетки.MD,Закладка Сервис Отчеты ОЗапуске Сценариев Allure Метки,https://github.com/Pr-Mex/vanessa-automation/blob/a2d584ced20332e7174abf94770c2dd986845a2a/docs/MainHelp/1.2.043.1/%D0%93%D0%BB%D0%B0%D0%B2%D0%B002/%D0%97%D0%B0%D0%BA%D0%BB%D0%B0%D0%B4%D0%BA%D0%B0%D0%A1%D0%B5%D1%80%D0%B2%D0%B8%D1%81%D0%9E%D1%82%D1%87%D0%B5%D1%82%D1%8B%D0%9E%D0%97%D0%B0%D0%BF%D1%83%D1%81%D0%BA%D0%B5%D0%A1%D1%86%D0%B5%D0%BD%D0%B0%D1%80%D0%B8%D0%B5%D0%B2Allure%D0%9C%D0%B5%D1%82%D0%BA%D0%B8.MD,642f6584566626513b8d9fdee082a5462ab3c19a7ef82db7818e3b9b1c2441ca
pages/981b817440f601b6.md,Закладка Сервис Отчеты ОЗапуске Сценариев Allure Основные,docs/MainHelp/1.2.043.1/Глава02/ЗакладкаСервисОтчетыОЗапускеСценариевAllureОсновные.MD,Закладка Сервис Отчеты ОЗапуске Сценариев Allure Основные,https://github.com/Pr-Mex/vanessa-automation/blob/a2d584ced20332e7174abf94770c2dd986845a2a/docs/MainHelp/1.2.043.1/%D0%93%D0%BB%D0%B0%D0%B2%D0%B002/%D0%97%D0%B0%D0%BA%D0%BB%D0%B0%D0%B4%D0%BA%D0%B0%D0%A1%D0%B5%D1%80%D0%B2%D0%B8%D1%81%D0%9E%D1%82%D1%87%D0%B5%D1%82%D1%8B%D0%9E%D0%97%D0%B0%D0%BF%D1%83%D1%81%D0%BA%D0%B5%D0%A1%D1%86%D0%B5%D0%BD%D0%B0%D1%80%D0%B8%D0%B5%D0%B2Allure%D0%9E%D1%81%D0%BD%D0%BE%D0%B2%D0%BD%D1%8B%D0%B5.MD,161fc3d016eb7d0662289fd46c039bcb7803e2b686bf481216282abacd9971bd
pages/1d7a0ced40939322.md,Закладка Сервис Отчеты ОЗапуске Сценариев Allure Приложения,docs/MainHelp/1.2.043.1/Глава02/ЗакладкаСервисОтчетыОЗапускеСценариевAllureПриложения.MD,Закладка Сервис Отчеты ОЗапуске Сценариев Allure Приложения,https://github.com/Pr-Mex/vanessa-automation/blob/a2d584ced20332e7174abf94770c2dd986845a2a/docs/MainHelp/1.2.043.1/%D0%93%D0%BB%D0%B0%D0%B2%D0%B002/%D0%97%D0%B0%D0%BA%D0%BB%D0%B0%D0%B4%D0%BA%D0%B0%D0%A1%D0%B5%D1%80%D0%B2%D0%B8%D1%81%D0%9E%D1%82%D1%87%D0%B5%D1%82%D1%8B%D0%9E%D0%97%D0%B0%D0%BF%D1%83%D1%81%D0%BA%D0%B5%D0%A1%D1%86%D0%B5%D0%BD%D0%B0%D1%80%D0%B8%D0%B5%D0%B2Allure%D0%9F%D1%80%D0%B8%D0%BB%D0%BE%D0%B6%D0%B5%D0%BD%D0%B8%D1%8F.MD,d7704c42272daae7a3898a44d0cb17be58808840145b3e6cef07663433032159
pages/f4e20aff91faf7b3.md,Закладка Сервис Отчеты ОЗапуске Сценариев Json,docs/MainHelp/1.2.043.1/Глава02/ЗакладкаСервисОтчетыОЗапускеСценариевJson.MD,Закладка Сервис Отчеты ОЗапуске Сценариев Json,https://github.com/Pr-Mex/vanessa-automation/blob/a2d584ced20332e7174abf94770c2dd986845a2a/docs/MainHelp/1.2.043.1/%D0%93%D0%BB%D0%B0%D0%B2%D0%B002/%D0%97%D0%B0%D0%BA%D0%BB%D0%B0%D0%B4%D0%BA%D0%B0%D0%A1%D0%B5%D1%80%D0%B2%D0%B8%D1%81%D0%9E%D1%82%D1%87%D0%B5%D1%82%D1%8B%D0%9E%D0%97%D0%B0%D0%BF%D1%83%D1%81%D0%BA%D0%B5%D0%A1%D1%86%D0%B5%D0%BD%D0%B0%D1%80%D0%B8%D0%B5%D0%B2Json.MD,89dff54a75aaf848f30dfa97118c88dbb379c96f78250703a1b97932e8ffc0cd
pages/8c079a3c8c88c888.md,Закладка Сервис Отчеты ОЗапуске Сценариевj Unit,docs/MainHelp/1.2.043.1/Глава02/ЗакладкаСервисОтчетыОЗапускеСценариевjUnit.MD,Закладка Сервис Отчеты ОЗапуске Сценариевj Unit,https://github.com/Pr-Mex/vanessa-automation/blob/a2d584ced20332e7174abf94770c2dd986845a2a/docs/MainHelp/1.2.043.1/%D0%93%D0%BB%D0%B0%D0%B2%D0%B002/%D0%97%D0%B0%D0%BA%D0%BB%D0%B0%D0%B4%D0%BA%D0%B0%D0%A1%D0%B5%D1%80%D0%B2%D0%B8%D1%81%D0%9E%D1%82%D1%87%D0%B5%D1%82%D1%8B%D0%9E%D0%97%D0%B0%D0%BF%D1%83%D1%81%D0%BA%D0%B5%D0%A1%D1%86%D0%B5%D0%BD%D0%B0%D1%80%D0%B8%D0%B5%D0%B2jUnit.MD,28b73a3f76b6b5caa98142f574e0045c5b63a2d03e0f3824eb37cdc06ce308de
pages/818474f9e5a8065c.md,Закладка Сервис Отчеты ОЗапуске Сценариев Видеозапись,docs/MainHelp/1.2.043.1/Глава02/ЗакладкаСервисОтчетыОЗапускеСценариевВидеозапись.MD,Закладка Сервис Отчеты ОЗапуске Сценариев Видеозапись,https://github.com/Pr-Mex/vanessa-automation/blob/a2d584ced20332e7174abf94770c2dd986845a2a/docs/MainHelp/1.2.043.1/%D0%93%D0%BB%D0%B0%D0%B2%D0%B002/%D0%97%D0%B0%D0%BA%D0%BB%D0%B0%D0%B4%D0%BA%D0%B0%D0%A1%D0%B5%D1%80%D0%B2%D0%B8%D1%81%D0%9E%D1%82%D1%87%D0%B5%D1%82%D1%8B%D0%9E%D0%97%D0%B0%D0%BF%D1%83%D1%81%D0%BA%D0%B5%D0%A1%D1%86%D0%B5%D0%BD%D0%B0%D1%80%D0%B8%D0%B5%D0%B2%D0%92%D0%B8%D0%B4%D0%B5%D0%BE%D0%B7%D0%B0%D0%BF%D0%B8%D1%81%D1%8C.MD,9dc9ad09771cd52cb1ba87ee2c8628e7f256bc0993a7e7da0d8cab76973d07ae
pages/3a1b52ee5656e0e1.md,Закладка Сервис Отчеты ОЗапуске Сценариев Лог,docs/MainHelp/1.2.043.1/Глава02/ЗакладкаСервисОтчетыОЗапускеСценариевЛог.MD,Закладка Сервис Отчеты ОЗапуске Сценариев Лог,https://github.com/Pr-Mex/vanessa-automation/blob/a2d584ced20332e7174abf94770c2dd986845a2a/docs/MainHelp/1.2.043.1/%D0%93%D0%BB%D0%B0%D0%B2%D0%B002/%D0%97%D0%B0%D0%BA%D0%BB%D0%B0%D0%B4%D0%BA%D0%B0%D0%A1%D0%B5%D1%80%D0%B2%D0%B8%D1%81%D0%9E%D1%82%D1%87%D0%B5%D1%82%D1%8B%D0%9E%D0%97%D0%B0%D0%BF%D1%83%D1%81%D0%BA%D0%B5%D0%A1%D1%86%D0%B5%D0%BD%D0%B0%D1%80%D0%B8%D0%B5%D0%B2%D0%9B%D0%BE%D0%B3.MD,16bf2c808c39f6255fe7813a60c9fd1c08c65cd3f9743c1308ce76c0e6bb2ce3
pages/5ed4f85c9ad485aa.md,Закладка Сервис Отчеты ОЗапуске Сценариев Общие,docs/MainHelp/1.2.043.1/Глава02/ЗакладкаСервисОтчетыОЗапускеСценариевОбщие.MD,Закладка Сервис Отчеты ОЗапуске Сценариев Общие,https://github.com/Pr-Mex/vanessa-automation/blob/a2d584ced20332e7174abf94770c2dd986845a2a/docs/MainHelp/1.2.043.1/%D0%93%D0%BB%D0%B0%D0%B2%D0%B002/%D0%97%D0%B0%D0%BA%D0%BB%D0%B0%D0%B4%D0%BA%D0%B0%D0%A1%D0%B5%D1%80%D0%B2%D0%B8%D1%81%D0%9E%D1%82%D1%87%D0%B5%D1%82%D1%8B%D0%9E%D0%97%D0%B0%D0%BF%D1%83%D1%81%D0%BA%D0%B5%D0%A1%D1%86%D0%B5%D0%BD%D0%B0%D1%80%D0%B8%D0%B5%D0%B2%D0%9E%D0%B1%D1%89%D0%B8%D0%B5.MD,f61fa7ef1e29817c85528c7312a7ba5757208365615d13debc0edee7ae0efe38
pages/233a217087c92d04.md,Закладка Сервис Отчеты ОЗапуске Сценариев СППР,docs/MainHelp/1.2.043.1/Глава02/ЗакладкаСервисОтчетыОЗапускеСценариевСППР.MD,Закладка Сервис Отчеты ОЗапуске Сценариев СППР,https://github.com/Pr-Mex/vanessa-automation/blob/a2d584ced20332e7174abf94770c2dd986845a2a/docs/MainHelp/1.2.043.1/%D0%93%D0%BB%D0%B0%D0%B2%D0%B002/%D0%97%D0%B0%D0%BA%D0%BB%D0%B0%D0%B4%D0%BA%D0%B0%D0%A1%D0%B5%D1%80%D0%B2%D0%B8%D1%81%D0%9E%D1%82%D1%87%D0%B5%D1%82%D1%8B%D0%9E%D0%97%D0%B0%D0%BF%D1%83%D1%81%D0%BA%D0%B5%D0%A1%D1%86%D0%B5%D0%BD%D0%B0%D1%80%D0%B8%D0%B5%D0%B2%D0%A1%D0%9F%D0%9F%D0%A0.MD,4cb4d7b781f2d57765984e2825019effc5ebc61513ee9313e4d382431c8bd944
pages/ca048cc9de5a2221.md,Закладка Сервис Прочее,docs/MainHelp/1.2.043.1/Глава02/ЗакладкаСервисПрочее.MD,Закладка Сервис Прочее,https://github.com/Pr-Mex/vanessa-automation/blob/a2d584ced20332e7174abf94770c2dd986845a2a/docs/MainHelp/1.2.043.1/%D0%93%D0%BB%D0%B0%D0%B2%D0%B002/%D0%97%D0%B0%D0%BA%D0%BB%D0%B0%D0%B4%D0%BA%D0%B0%D0%A1%D0%B5%D1%80%D0%B2%D0%B8%D1%81%D0%9F%D1%80%D0%BE%D1%87%D0%B5%D0%B5.MD,c6d5033fe5e5f5af19d99b3ea5e19e6bc178250cc6358d5d9333320f7fcad0a5
pages/48c29ab07a90638d.md,Закладка Сервис Скриншоты,docs/MainHelp/1.2.043.1/Глава02/ЗакладкаСервисСкриншоты.MD,Закладка Сервис Скриншоты,https://github.com/Pr-Mex/vanessa-automation/blob/a2d584ced20332e7174abf94770c2dd986845a2a/docs/MainHelp/1.2.043.1/%D0%93%D0%BB%D0%B0%D0%B2%D0%B002/%D0%97%D0%B0%D0%BA%D0%BB%D0%B0%D0%B4%D0%BA%D0%B0%D0%A1%D0%B5%D1%80%D0%B2%D0%B8%D1%81%D0%A1%D0%BA%D1%80%D0%B8%D0%BD%D1%88%D0%BE%D1%82%D1%8B.MD,cb68bb5bd75d03b6f3bed0ad0eebc1071366137184fda15c57c24666614e57c3
pages/15bfc262f855be54.md,Как Устроена Таблица Клиентов Тестирования Вводная,docs/MainHelp/1.2.043.1/Глава02/КакУстроенаТаблицаКлиентовТестированияВводная.MD,Как Устроена Таблица Клиентов Тестирования Вводная,https://github.com/Pr-Mex/vanessa-automation/blob/a2d584ced20332e7174abf94770c2dd986845a2a/docs/MainHelp/1.2.043.1/%D0%93%D0%BB%D0%B0%D0%B2%D0%B002/%D0%9A%D0%B0%D0%BA%D0%A3%D1%81%D1%82%D1%80%D0%BE%D0%B5%D0%BD%D0%B0%D0%A2%D0%B0%D0%B1%D0%BB%D0%B8%D1%86%D0%B0%D0%9A%D0%BB%D0%B8%D0%B5%D0%BD%D1%82%D0%BE%D0%B2%D0%A2%D0%B5%D1%81%D1%82%D0%B8%D1%80%D0%BE%D0%B2%D0%B0%D0%BD%D0%B8%D1%8F%D0%92%D0%B2%D0%BE%D0%B4%D0%BD%D0%B0%D1%8F.MD,5600abae6ba792ef0ee81cbd9765629efba7c20c8515fb95bfd178aaef73930c
pages/3a0d1fa042856340.md,Как Устроена Таблица Клиентов Тестирования Колонки Часть1,docs/MainHelp/1.2.043.1/Глава02/КакУстроенаТаблицаКлиентовТестированияКолонкиЧасть1.MD,Как Устроена Таблица Клиентов Тестирования Колонки Часть1,https://github.com/Pr-Mex/vanessa-automation/blob/a2d584ced20332e7174abf94770c2dd986845a2a/docs/MainHelp/1.2.043.1/%D0%93%D0%BB%D0%B0%D0%B2%D0%B002/%D0%9A%D0%B0%D0%BA%D0%A3%D1%81%D1%82%D1%80%D0%BE%D0%B5%D0%BD%D0%B0%D0%A2%D0%B0%D0%B1%D0%BB%D0%B8%D1%86%D0%B0%D0%9A%D0%BB%D0%B8%D0%B5%D0%BD%D1%82%D0%BE%D0%B2%D0%A2%D0%B5%D1%81%D1%82%D0%B8%D1%80%D0%BE%D0%B2%D0%B0%D0%BD%D0%B8%D1%8F%D0%9A%D0%BE%D0%BB%D0%BE%D0%BD%D0%BA%D0%B8%D0%A7%D0%B0%D1%81%D1%82%D1%8C1.MD,592c5e72c3483bacf78543b8f49e879ff5512a0071d1cbf22d38616d01d260b1
pages/5312ad3657a12193.md,Как Устроена Таблица Клиентов Тестирования Колонки Часть2,docs/MainHelp/1.2.043.1/Глава02/КакУстроенаТаблицаКлиентовТестированияКолонкиЧасть2.MD,Как Устроена Таблица Клиентов Тестирования Колонки Часть2,https://github.com/Pr-Mex/vanessa-automation/blob/a2d584ced20332e7174abf94770c2dd986845a2a/docs/MainHelp/1.2.043.1/%D0%93%D0%BB%D0%B0%D0%B2%D0%B002/%D0%9A%D0%B0%D0%BA%D0%A3%D1%81%D1%82%D1%80%D0%BE%D0%B5%D0%BD%D0%B0%D0%A2%D0%B0%D0%B1%D0%BB%D0%B8%D1%86%D0%B0%D0%9A%D0%BB%D0%B8%D0%B5%D0%BD%D1%82%D0%BE%D0%B2%D0%A2%D0%B5%D1%81%D1%82%D0%B8%D1%80%D0%BE%D0%B2%D0%B0%D0%BD%D0%B8%D1%8F%D0%9A%D0%BE%D0%BB%D0%BE%D0%BD%D0%BA%D0%B8%D0%A7%D0%B0%D1%81%D1%82%D1%8C2.MD,4c5bec3734ba69c745c41227902daf72de738787684a4ed8b14f7d9d037b572e
pages/1bfffbed40cd57c3.md,Как Устроена Таблица Клиентов Тестирования Колонки Часть3,docs/MainHelp/1.2.043.1/Глава02/КакУстроенаТаблицаКлиентовТестированияКолонкиЧасть3.MD,Как Устроена Таблица Клиентов Тестирования Колонки Часть3,https://github.com/Pr-Mex/vanessa-automation/blob/a2d584ced20332e7174abf94770c2dd986845a2a/docs/MainHelp/1.2.043.1/%D0%93%D0%BB%D0%B0%D0%B2%D0%B002/%D0%9A%D0%B0%D0%BA%D0%A3%D1%81%D1%82%D1%80%D0%BE%D0%B5%D0%BD%D0%B0%D0%A2%D0%B0%D0%B1%D0%BB%D0%B8%D1%86%D0%B0%D0%9A%D0%BB%D0%B8%D0%B5%D0%BD%D1%82%D0%BE%D0%B2%D0%A2%D0%B5%D1%81%D1%82%D0%B8%D1%80%D0%BE%D0%B2%D0%B0%D0%BD%D0%B8%D1%8F%D0%9A%D0%BE%D0%BB%D0%BE%D0%BD%D0%BA%D0%B8%D0%A7%D0%B0%D1%81%D1%82%D1%8C3.MD,538d3a01a4016b8e7b6aef33fc4feb9b903257d0a09ccd67cc41db3f7b54bff9
pages/ce148b91fef53f5f.md,Как Устроена Таблица Клиентов Тестирования Колонки Часть4,docs/MainHelp/1.2.043.1/Глава02/КакУстроенаТаблицаКлиентовТестированияКолонкиЧасть4.MD,Как Устроена Таблица Клиентов Тестирования Колонки Часть4,https://github.com/Pr-Mex/vanessa-automation/blob/a2d584ced20332e7174abf94770c2dd986845a2a/docs/MainHelp/1.2.043.1/%D0%93%D0%BB%D0%B0%D0%B2%D0%B002/%D0%9A%D0%B0%D0%BA%D0%A3%D1%81%D1%82%D1%80%D0%BE%D0%B5%D0%BD%D0%B0%D0%A2%D0%B0%D0%B1%D0%BB%D0%B8%D1%86%D0%B0%D0%9A%D0%BB%D0%B8%D0%B5%D0%BD%D1%82%D0%BE%D0%B2%D0%A2%D0%B5%D1%81%D1%82%D0%B8%D1%80%D0%BE%D0%B2%D0%B0%D0%BD%D0%B8%D1%8F%D0%9A%D0%BE%D0%BB%D0%BE%D0%BD%D0%BA%D0%B8%D0%A7%D0%B0%D1%81%D1%82%D1%8C4.MD,528d5c196f2675467fa31117df43def6f4a6b028185a9cc86d6073fa1fd880e7
pages/e5f655fdb8752e74.md,Кнопка Перевести Сценарий,docs/MainHelp/1.2.043.1/Глава02/КнопкаПеревестиСценарий.MD,Кнопка Перевести Сценарий,https://github.com/Pr-Mex/vanessa-automation/blob/a2d584ced20332e7174abf94770c2dd986845a2a/docs/MainHelp/1.2.043.1/%D0%93%D0%BB%D0%B0%D0%B2%D0%B002/%D0%9A%D0%BD%D0%BE%D0%BF%D0%BA%D0%B0%D0%9F%D0%B5%D1%80%D0%B5%D0%B2%D0%B5%D1%81%D1%82%D0%B8%D0%A1%D1%86%D0%B5%D0%BD%D0%B0%D1%80%D0%B8%D0%B9.MD,cb3a200b4536a37317f0bc67221134e3a0095543035dc0435b8905e3a7ef9d11
pages/da69a357f01c07e6.md,Кнопка Переход КСледующей Ошибке,docs/MainHelp/1.2.043.1/Глава02/КнопкаПереходКСледующейОшибке.MD,Кнопка Переход КСледующей Ошибке,https://github.com/Pr-Mex/vanessa-automation/blob/a2d584ced20332e7174abf94770c2dd986845a2a/docs/MainHelp/1.2.043.1/%D0%93%D0%BB%D0%B0%D0%B2%D0%B002/%D0%9A%D0%BD%D0%BE%D0%BF%D0%BA%D0%B0%D0%9F%D0%B5%D1%80%D0%B5%D1%85%D0%BE%D0%B4%D0%9A%D0%A1%D0%BB%D0%B5%D0%B4%D1%83%D1%8E%D1%89%D0%B5%D0%B9%D0%9E%D1%88%D0%B8%D0%B1%D0%BA%D0%B5.MD,33ea97f6006d7a3449935984a05127943d48a2e03c24116d3c3eeec72a2dd3cf
pages/4f0ee4e631421ecb.md,Кнопки Запуска Сценариев Часть Два,docs/MainHelp/1.2.043.1/Глава02/КнопкиЗапускаСценариевЧастьДва.MD,Кнопки Запуска Сценариев Часть Два,https://github.com/Pr-Mex/vanessa-automation/blob/a2d584ced20332e7174abf94770c2dd986845a2a/docs/MainHelp/1.2.043.1/%D0%93%D0%BB%D0%B0%D0%B2%D0%B002/%D0%9A%D0%BD%D0%BE%D0%BF%D0%BA%D0%B8%D0%97%D0%B0%D0%BF%D1%83%D1%81%D0%BA%D0%B0%D0%A1%D1%86%D0%B5%D0%BD%D0%B0%D1%80%D0%B8%D0%B5%D0%B2%D0%A7%D0%B0%D1%81%D1%82%D1%8C%D0%94%D0%B2%D0%B0.MD,57cdf6a26366f29c8a757593787176186712f1e5709bb01a4a279c551d96e801
pages/e23406365ae02b3d.md,Кнопки Обработки Выделенных Строк,docs/MainHelp/1.2.043.1/Глава02/КнопкиОбработкиВыделенныхСтрок.MD,Кнопки Обработки Выделенных Строк,https://github.com/Pr-Mex/vanessa-automation/blob/a2d584ced20332e7174abf94770c2dd986845a2a/docs/MainHelp/1.2.043.1/%D0%93%D0%BB%D0%B0%D0%B2%D0%B002/%D0%9A%D0%BD%D0%BE%D0%BF%D0%BA%D0%B8%D0%9E%D0%B1%D1%80%D0%B0%D0%B1%D0%BE%D1%82%D0%BA%D0%B8%D0%92%D1%8B%D0%B4%D0%B5%D0%BB%D0%B5%D0%BD%D0%BD%D1%8B%D1%85%D0%A1%D1%82%D1%80%D0%BE%D0%BA.MD,7f8f1efe3ff05eed42a29284893f2e6fec6e394683c8bb6afb26acc9ea2ab385
pages/697b56b2dece925b.md,Кнопки Подключение Клиента Тестирования ИЗапись Действий,docs/MainHelp/1.2.043.1/Глава02/КнопкиПодключениеКлиентаТестированияИЗаписьДействий.MD,Кнопки Подключение Клиента Тестирования ИЗапись Действий,https://github.com/Pr-Mex/vanessa-automation/blob/a2d584ced20332e7174abf94770c2dd986845a2a/docs/MainHelp/1.2.043.1/%D0%93%D0%BB%D0%B0%D0%B2%D0%B002/%D0%9A%D0%BD%D0%BE%D0%BF%D0%BA%D0%B8%D0%9F%D0%BE%D0%B4%D0%BA%D0%BB%D1%8E%D1%87%D0%B5%D0%BD%D0%B8%D0%B5%D0%9A%D0%BB%D0%B8%D0%B5%D0%BD%D1%82%D0%B0%D0%A2%D0%B5%D1%81%D1%82%D0%B8%D1%80%D0%BE%D0%B2%D0%B0%D0%BD%D0%B8%D1%8F%D0%98%D0%97%D0%B0%D0%BF%D0%B8%D1%81%D1%8C%D0%94%D0%B5%D0%B9%D1%81%D1%82%D0%B2%D0%B8%D0%B9.MD,ea9c97aff3ab6adeb0acaa2f627e3ffb6ce2c87fc4e7f282e4524e6f4355d4b3
pages/bfa57b62d54944bc.md,Кнопки Работа СТочками Останова,docs/MainHelp/1.2.043.1/Глава02/КнопкиРаботаСТочкамиОстанова.MD,Кнопки Работа СТочками Останова,https://github.com/Pr-Mex/vanessa-automation/blob/a2d584ced20332e7174abf94770c2dd986845a2a/docs/MainHelp/1.2.043.1/%D0%93%D0%BB%D0%B0%D0%B2%D0%B002/%D0%9A%D0%BD%D0%BE%D0%BF%D0%BA%D0%B8%D0%A0%D0%B0%D0%B1%D0%BE%D1%82%D0%B0%D0%A1%D0%A2%D0%BE%D1%87%D0%BA%D0%B0%D0%BC%D0%B8%D0%9E%D1%81%D1%82%D0%B0%D0%BD%D0%BE%D0%B2%D0%B0.MD,e282dd96f2f177b05d8f6e5cbf62eb250580e61ff8d5f44079abc0ec0734e970
pages/dcd1b31f04d9a2a6.md,Кнопки Свернуть Шаги,docs/MainHelp/1.2.043.1/Глава02/КнопкиСвернутьШаги.MD,Кнопки Свернуть Шаги,https://github.com/Pr-Mex/vanessa-automation/blob/a2d584ced20332e7174abf94770c2dd986845a2a/docs/MainHelp/1.2.043.1/%D0%93%D0%BB%D0%B0%D0%B2%D0%B002/%D0%9A%D0%BD%D0%BE%D0%BF%D0%BA%D0%B8%D0%A1%D0%B2%D0%B5%D1%80%D0%BD%D1%83%D1%82%D1%8C%D0%A8%D0%B0%D0%B3%D0%B8.MD,59cda4bded6436e92ee73a30f6712244671d6ae753be66f284cb51bb3003569d
pages/f6fe7dc93816c8cb.md,Краткий Обзор Доступных Инструментов При Работе СРедактором,docs/MainHelp/1.2.043.1/Глава02/КраткийОбзорДоступныхИнструментовПриРаботеСРедактором.MD,Краткий Обзор Доступных Инструментов При Работе СРедактором,https://github.com/Pr-Mex/vanessa-automation/blob/a2d584ced20332e7174abf94770c2dd986845a2a/docs/MainHelp/1.2.043.1/%D0%93%D0%BB%D0%B0%D0%B2%D0%B002/%D0%9A%D1%80%D0%B0%D1%82%D0%BA%D0%B8%D0%B9%D0%9E%D0%B1%D0%B7%D0%BE%D1%80%D0%94%D0%BE%D1%81%D1%82%D1%83%D0%BF%D0%BD%D1%8B%D1%85%D0%98%D0%BD%D1%81%D1%82%D1%80%D1%83%D0%BC%D0%B5%D0%BD%D1%82%D0%BE%D0%B2%D0%9F%D1%80%D0%B8%D0%A0%D0%B0%D0%B1%D0%BE%D1%82%D0%B5%D0%A1%D0%A0%D0%B5%D0%B4%D0%B0%D0%BA%D1%82%D0%BE%D1%80%D0%BE%D0%BC.MD,26a20111d225761c92c60daefce05aa52a092db86a9edf6018ca6c3c342d5d3c
pages/31b8ffe60f4a3c8e.md,Настройки ВПанели Редактора Другие Настройки,docs/MainHelp/1.2.043.1/Глава02/НастройкиВПанелиРедактораДругиеНастройки.MD,Настройки ВПанели Редактора Другие Настройки,https://github.com/Pr-Mex/vanessa-automation/blob/a2d584ced20332e7174abf94770c2dd986845a2a/docs/MainHelp/1.2.043.1/%D0%93%D0%BB%D0%B0%D0%B2%D0%B002/%D0%9D%D0%B0%D1%81%D1%82%D1%80%D0%BE%D0%B9%D0%BA%D0%B8%D0%92%D0%9F%D0%B0%D0%BD%D0%B5%D0%BB%D0%B8%D0%A0%D0%B5%D0%B4%D0%B0%D0%BA%D1%82%D0%BE%D1%80%D0%B0%D0%94%D1%80%D1%83%D0%B3%D0%B8%D0%B5%D0%9D%D0%B0%D1%81%D1%82%D1%80%D0%BE%D0%B9%D0%BA%D0%B8.MD,71063b5400af57e019b7f6ba341729cd54ab8346655ad382317f520732b94690
pages/003145d15bf9d7ae.md,Настройки ВПанели Редактора Сохранить Загрузить Настройки,docs/MainHelp/1.2.043.1/Глава02/НастройкиВПанелиРедактораСохранитьЗагрузитьНастройки.MD,Настройки ВПанели Редактора Сохранить Загрузить Настройки,https://github.com/Pr-Mex/vanessa-automation/blob/a2d584ced20332e7174abf94770c2dd986845a2a/docs/MainHelp/1.2.043.1/%D0%93%D0%BB%D0%B0%D0%B2%D0%B002/%D0%9D%D0%B0%D1%81%D1%82%D1%80%D0%BE%D0%B9%D0%BA%D0%B8%D0%92%D0%9F%D0%B0%D0%BD%D0%B5%D0%BB%D0%B8%D0%A0%D0%B5%D0%B4%D0%B0%D0%BA%D1%82%D0%BE%D1%80%D0%B0%D0%A1%D0%BE%D1%85%D1%80%D0%B0%D0%BD%D0%B8%D1%82%D1%8C%D0%97%D0%B0%D0%B3%D1%80%D1%83%D0%B7%D0%B8%D1%82%D1%8C%D0%9D%D0%B0%D1%81%D1%82%D1%80%D0%BE%D0%B9%D0%BA%D0%B8.MD,fe630ab537402925bd38eb702f6efa3ab08a54624cd10e4e04bbe569db9dfda2
pages/a5266734377feb22.md,Настройки При Работе СБиблиотеками,docs/MainHelp/1.2.043.1/Глава02/НастройкиПриРаботеСБиблиотеками.MD,Настройки При Работе СБиблиотеками,https://github.com/Pr-Mex/vanessa-automation/blob/a2d584ced20332e7174abf94770c2dd986845a2a/docs/MainHelp/1.2.043.1/%D0%93%D0%BB%D0%B0%D0%B2%D0%B002/%D0%9D%D0%B0%D1%81%D1%82%D1%80%D0%BE%D0%B9%D0%BA%D0%B8%D0%9F%D1%80%D0%B8%D0%A0%D0%B0%D0%B1%D0%BE%D1%82%D0%B5%D0%A1%D0%91%D0%B8%D0%B1%D0%BB%D0%B8%D0%BE%D1%82%D0%B5%D0%BA%D0%B0%D0%BC%D0%B8.MD,ecb2d6a2d7d48c6a75de6ce7d57f55b3c5796eb2a54c0fca7ab8761a1dc60a29
pages/3c3ede37db585fdc.md,Настройки При Создании Новых Шагов,docs/MainHelp/1.2.043.1/Глава02/НастройкиПриСозданииНовыхШагов.MD,Настройки При Создании Новых Шагов,https://github.com/Pr-Mex/vanessa-automation/blob/a2d584ced20332e7174abf94770c2dd986845a2a/docs/MainHelp/1.2.043.1/%D0%93%D0%BB%D0%B0%D0%B2%D0%B002/%D0%9D%D0%B0%D1%81%D1%82%D1%80%D0%BE%D0%B9%D0%BA%D0%B8%D0%9F%D1%80%D0%B8%D0%A1%D0%BE%D0%B7%D0%B4%D0%B0%D0%BD%D0%B8%D0%B8%D0%9D%D0%BE%D0%B2%D1%8B%D1%85%D0%A8%D0%B0%D0%B3%D0%BE%D0%B2.MD,50d7bca15196a97223f2e1ffdac4c588ab59e1e9a0598e90f322ca5f371a2372
pages/7d3dc61f50680786.md,Описание Панели Дерево Каталогов,docs/MainHelp/1.2.043.1/Глава02/ОписаниеПанелиДеревоКаталогов.MD,Описание Панели Дерево Каталогов,https://github.com/Pr-Mex/vanessa-automation/blob/a2d584ced20332e7174abf94770c2dd986845a2a/docs/MainHelp/1.2.043.1/%D0%93%D0%BB%D0%B0%D0%B2%D0%B002/%D0%9E%D0%BF%D0%B8%D1%81%D0%B0%D0%BD%D0%B8%D0%B5%D0%9F%D0%B0%D0%BD%D0%B5%D0%BB%D0%B8%D0%94%D0%B5%D1%80%D0%B5%D0%B2%D0%BE%D0%9A%D0%B0%D1%82%D0%B0%D0%BB%D0%BE%D0%B3%D0%BE%D0%B2.MD,8b50c5d9b64631029953846fd6cc5701a7493f9488f9a64dd2995f6a285ee2cf
pages/48da75349094f2f3.md,Описание Панели Работа СGit,docs/MainHelp/1.2.043.1/Глава02/ОписаниеПанелиРаботаСGit.MD,Описание Панели Работа СGit,https://github.com/Pr-Mex/vanessa-automation/blob/a2d584ced20332e7174abf94770c2dd986845a2a/docs/MainHelp/1.2.043.1/%D0%93%D0%BB%D0%B0%D0%B2%D0%B002/%D0%9E%D0%BF%D0%B8%D1%81%D0%B0%D0%BD%D0%B8%D0%B5%D0%9F%D0%B0%D0%BD%D0%B5%D0%BB%D0%B8%D0%A0%D0%B0%D0%B1%D0%BE%D1%82%D0%B0%D0%A1Git.MD,a56ccdac637fd8917e67549d2323b0f9fd8e31a28d9aa0bd4ec28b8194d282b9
pages/74b7b24f5c6479f9.md,Основные Элементы Закладки Запуск Сценариев,docs/MainHelp/1.2.043.1/Глава02/ОсновныеЭлементыЗакладкиЗапускСценариев.MD,Основные Элементы Закладки Запуск Сценариев,https://github.com/Pr-Mex/vanessa-automation/blob/a2d584ced20332e7174abf94770c2dd986845a2a/docs/MainHelp/1.2.043.1/%D0%93%D0%BB%D0%B0%D0%B2%D0%B002/%D0%9E%D1%81%D0%BD%D0%BE%D0%B2%D0%BD%D1%8B%D0%B5%D0%AD%D0%BB%D0%B5%D0%BC%D0%B5%D0%BD%D1%82%D1%8B%D0%97%D0%B0%D0%BA%D0%BB%D0%B0%D0%B4%D0%BA%D0%B8%D0%97%D0%B0%D0%BF%D1%83%D1%81%D0%BA%D0%A1%D1%86%D0%B5%D0%BD%D0%B0%D1%80%D0%B8%D0%B5%D0%B2.MD,2053d0966c11bc2750800e53414e243ab1d9c74a3fb3ae340beabaf2c2762732
pages/c8a0c6982b5babcc.md,Сохранение Списка Клиентов Тестирования ВНастройках Пользователя,docs/MainHelp/1.2.043.1/Глава02/СохранениеСпискаКлиентовТестированияВНастройкахПользователя.MD,Сохранение Списка Клиентов Тестирования ВНастройках Пользователя,https://github.com/Pr-Mex/vanessa-automation/blob/a2d584ced20332e7174abf94770c2dd986845a2a/docs/MainHelp/1.2.043.1/%D0%93%D0%BB%D0%B0%D0%B2%D0%B002/%D0%A1%D0%BE%D1%85%D1%80%D0%B0%D0%BD%D0%B5%D0%BD%D0%B8%D0%B5%D0%A1%D0%BF%D0%B8%D1%81%D0%BA%D0%B0%D0%9A%D0%BB%D0%B8%D0%B5%D0%BD%D1%82%D0%BE%D0%B2%D0%A2%D0%B5%D1%81%D1%82%D0%B8%D1%80%D0%BE%D0%B2%D0%B0%D0%BD%D0%B8%D1%8F%D0%92%D0%9D%D0%B0%D1%81%D1%82%D1%80%D0%BE%D0%B9%D0%BA%D0%B0%D1%85%D0%9F%D0%BE%D0%BB%D1%8C%D0%B7%D0%BE%D0%B2%D0%B0%D1%82%D0%B5%D0%BB%D1%8F.MD,3e76da734b220d6351668170b527174b8cdc510f14299817bce9ad6c71327159
pages/b328acc40ac85ac4.md,Группы Шагов,docs/MainHelp/1.2.043.1/Глава03/ГруппыШагов.MD,Группы Шагов,https://github.com/Pr-Mex/vanessa-automation/blob/a2d584ced20332e7174abf94770c2dd986845a2a/docs/MainHelp/1.2.043.1/%D0%93%D0%BB%D0%B0%D0%B2%D0%B003/%D0%93%D1%80%D1%83%D0%BF%D0%BF%D1%8B%D0%A8%D0%B0%D0%B3%D0%BE%D0%B2.MD,f6cb70112161436a57a2b1e289f8099b4edeabd5b1020ecf39a8bfaadfa1f0dc
pages/b423c31bdf3f1cad.md,Импорт Переменных Из Других Файлов,docs/MainHelp/1.2.043.1/Глава03/ИмпортПеременныхИзДругихФайлов.MD,Импорт Переменных Из Других Файлов,https://github.com/Pr-Mex/vanessa-automation/blob/a2d584ced20332e7174abf94770c2dd986845a2a/docs/MainHelp/1.2.043.1/%D0%93%D0%BB%D0%B0%D0%B2%D0%B003/%D0%98%D0%BC%D0%BF%D0%BE%D1%80%D1%82%D0%9F%D0%B5%D1%80%D0%B5%D0%BC%D0%B5%D0%BD%D0%BD%D1%8B%D1%85%D0%98%D0%B7%D0%94%D1%80%D1%83%D0%B3%D0%B8%D1%85%D0%A4%D0%B0%D0%B9%D0%BB%D0%BE%D0%B2.MD,f8f44174b53abaa5c684896e8310d3b6dce5758ef1e3a00149466245d5c529ce
pages/81efedb42714e0e9.md,Как Устроен Feature Файл Заголовок Фичи,docs/MainHelp/1.2.043.1/Глава03/КакУстроенFeatureФайлЗаголовокФичи.MD,Как Устроен Feature Файл Заголовок Фичи,https://github.com/Pr-Mex/vanessa-automation/blob/a2d584ced20332e7174abf94770c2dd986845a2a/docs/MainHelp/1.2.043.1/%D0%93%D0%BB%D0%B0%D0%B2%D0%B003/%D0%9A%D0%B0%D0%BA%D0%A3%D1%81%D1%82%D1%80%D0%BE%D0%B5%D0%BDFeature%D0%A4%D0%B0%D0%B9%D0%BB%D0%97%D0%B0%D0%B3%D0%BE%D0%BB%D0%BE%D0%B2%D0%BE%D0%BA%D0%A4%D0%B8%D1%87%D0%B8.MD,b4181d33ee9325a1f0606d5d8f8e39a28185f18cfc7da467e6b2185f99571eef
pages/1f0c251419c82571.md,Как Устроен Feature Файл Секция Контекст,docs/MainHelp/1.2.043.1/Глава03/КакУстроенFeatureФайлСекцияКонтекст.MD,Как Устроен Feature Файл Секция Контекст,https://github.com/Pr-Mex/vanessa-automation/blob/a2d584ced20332e7174abf94770c2dd986845a2a/docs/MainHelp/1.2.043.1/%D0%93%D0%BB%D0%B0%D0%B2%D0%B003/%D0%9A%D0%B0%D0%BA%D0%A3%D1%81%D1%82%D1%80%D0%BE%D0%B5%D0%BDFeature%D0%A4%D0%B0%D0%B9%D0%BB%D0%A1%D0%B5%D0%BA%D1%86%D0%B8%D1%8F%D0%9A%D0%BE%D0%BD%D1%82%D0%B5%D0%BA%D1%81%D1%82.MD,b3097c435149125af815fdbb746acbc445065c288ca5ef54699a047c6a367645
pages/71f179401d70ee74.md,Как Устроен Feature Файл Секция Переменные Простые,docs/MainHelp/1.2.043.1/Глава03/КакУстроенFeatureФайлСекцияПеременныеПростые.MD,Как Устроен Feature Файл Секция Переменные Простые,https://github.com/Pr-Mex/vanessa-automation/blob/a2d584ced20332e7174abf94770c2dd986845a2a/docs/MainHelp/1.2.043.1/%D0%93%D0%BB%D0%B0%D0%B2%D0%B003/%D0%9A%D0%B0%D0%BA%D0%A3%D1%81%D1%82%D1%80%D0%BE%D0%B5%D0%BDFeature%D0%A4%D0%B0%D0%B9%D0%BB%D0%A1%D0%B5%D0%BA%D1%86%D0%B8%D1%8F%D0%9F%D0%B5%D1%80%D0%B5%D0%BC%D0%B5%D0%BD%D0%BD%D1%8B%D0%B5%D0%9F%D1%80%D0%BE%D1%81%D1%82%D1%8B%D0%B5.MD,cf42100a910d313d30e85edc1db52c3c538e15bdd63772e186068fdfefe46474
pages/98d6dc83543b0b1e.md,Как Устроен Feature Файл Секция Переменные Табличные,docs/MainHelp/1.2.043.1/Глава03/КакУстроенFeatureФайлСекцияПеременныеТабличные.MD,Как Устроен Feature Файл Секция Переменные Табличные,https://github.com/Pr-Mex/vanessa-automation/blob/a2d584ced20332e7174abf94770c2dd986845a2a/docs/MainHelp/1.2.043.1/%D0%93%D0%BB%D0%B0%D0%B2%D0%B003/%D0%9A%D0%B0%D0%BA%D0%A3%D1%81%D1%82%D1%80%D0%BE%D0%B5%D0%BDFeature%D0%A4%D0%B0%D0%B9%D0%BB%D0%A1%D0%B5%D0%BA%D1%86%D0%B8%D1%8F%D0%9F%D0%B5%D1%80%D0%B5%D0%BC%D0%B5%D0%BD%D0%BD%D1%8B%D0%B5%D0%A2%D0%B0%D0%B1%D0%BB%D0%B8%D1%87%D0%BD%D1%8B%D0%B5.MD,884e6a19e9c4a39993224582c97f1dbc9bdd5d2116ed26dcb16778251c6c0612
pages/2d0f77e835baa42b.md,Как Устроен Feature Файл Секция Структура Сценария,docs/MainHelp/1.2.043.1/Глава03/КакУстроенFeatureФайлСекцияСтруктураСценария.MD,Как Устроен Feature Файл Секция Структура Сценария,https://github.com/Pr-Mex/vanessa-automation/blob/a2d584ced20332e7174abf94770c2dd986845a2a/docs/MainHelp/1.2.043.1/%D0%93%D0%BB%D0%B0%D0%B2%D0%B003/%D0%9A%D0%B0%D0%BA%D0%A3%D1%81%D1%82%D1%80%D0%BE%D0%B5%D0%BDFeature%D0%A4%D0%B0%D0%B9%D0%BB%D0%A1%D0%B5%D0%BA%D1%86%D0%B8%D1%8F%D0%A1%D1%82%D1%80%D1%83%D0%BA%D1%82%D1%83%D1%80%D0%B0%D0%A1%D1%86%D0%B5%D0%BD%D0%B0%D1%80%D0%B8%D1%8F.MD,7b18b352675fd8eed1e0c05c8e07f181e8b608c79aef5b9eddd73cd2574bd0a7
pages/4871bbc595f790b4.md,Как Устроен Feature Файл Секция Сценария,docs/MainHelp/1.2.043.1/Глава03/КакУстроенFeatureФайлСекцияСценария.MD,Как Устроен Feature Файл Секция Сценария,https://github.com/Pr-Mex/vanessa-automation/blob/a2d584ced20332e7174abf94770c2dd986845a2a/docs/MainHelp/1.2.043.1/%D0%93%D0%BB%D0%B0%D0%B2%D0%B003/%D0%9A%D0%B0%D0%BA%D0%A3%D1%81%D1%82%D1%80%D0%BE%D0%B5%D0%BDFeature%D0%A4%D0%B0%D0%B9%D0%BB%D0%A1%D0%B5%D0%BA%D1%86%D0%B8%D1%8F%D0%A1%D1%86%D0%B5%D0%BD%D0%B0%D1%80%D0%B8%D1%8F.MD,15274e50d8290e60c2ad9beab4cdfb764fce5174a0149e6cd2e36beb8aabe13d
pages/8e23b40e617ccac2.md,Ключевые Слова Шагов,docs/MainHelp/1.2.043.1/Глава03/КлючевыеСловаШагов.MD,Ключевые Слова Шагов,https://github.com/Pr-Mex/vanessa-automation/blob/a2d584ced20332e7174abf94770c2dd986845a2a/docs/MainHelp/1.2.043.1/%D0%93%D0%BB%D0%B0%D0%B2%D0%B003/%D0%9A%D0%BB%D1%8E%D1%87%D0%B5%D0%B2%D1%8B%D0%B5%D0%A1%D0%BB%D0%BE%D0%B2%D0%B0%D0%A8%D0%B0%D0%B3%D0%BE%D0%B2.MD,a4f76df406b294d2d45942cc37ef62c0e6fe7f921b475d0316519c7a1ffcfda2
pages/d9903059448d7163.md,Параметры Шагов,docs/MainHelp/1.2.043.1/Глава03/ПараметрыШагов.MD,Параметры Шагов,https://github.com/Pr-Mex/vanessa-automation/blob/a2d584ced20332e7174abf94770c2dd986845a2a/docs/MainHelp/1.2.043.1/%D0%93%D0%BB%D0%B0%D0%B2%D0%B003/%D0%9F%D0%B0%D1%80%D0%B0%D0%BC%D0%B5%D1%82%D1%80%D1%8B%D0%A8%D0%B0%D0%B3%D0%BE%D0%B2.MD,fbd253566bea62f6f0af66e3aa784a82840749b264dd3880be9d1a569e97f9fb
pages/1b66a4ec38db4198.md,Передача Многострочных Строк ВПодсценарии,docs/MainHelp/1.2.043.1/Глава03/ПередачаМногострочныхСтрокВПодсценарии.MD,Передача Многострочных Строк ВПодсценарии,https://github.com/Pr-Mex/vanessa-automation/blob/a2d584ced20332e7174abf94770c2dd986845a2a/docs/MainHelp/1.2.043.1/%D0%93%D0%BB%D0%B0%D0%B2%D0%B003/%D0%9F%D0%B5%D1%80%D0%B5%D0%B4%D0%B0%D1%87%D0%B0%D0%9C%D0%BD%D0%BE%D0%B3%D0%BE%D1%81%D1%82%D1%80%D0%BE%D1%87%D0%BD%D1%8B%D1%85%D0%A1%D1%82%D1%80%D0%BE%D0%BA%D0%92%D0%9F%D0%BE%D0%B4%D1%81%D1%86%D0%B5%D0%BD%D0%B0%D1%80%D0%B8%D0%B8.MD,baf7eee8d3597ea5cc71380df5cee3f3b79fd68c3017baa5a018bcd1bcdf9591
pages/98106535b4bc5ecb.md,Передача Таблиц ВПодсценарии,docs/MainHelp/1.2.043.1/Глава03/ПередачаТаблицВПодсценарии.MD,Передача Таблиц ВПодсценарии,https://github.com/Pr-Mex/vanessa-automation/blob/a2d584ced20332e7174abf94770c2dd986845a2a/docs/MainHelp/1.2.043.1/%D0%93%D0%BB%D0%B0%D0%B2%D0%B003/%D0%9F%D0%B5%D1%80%D0%B5%D0%B4%D0%B0%D1%87%D0%B0%D0%A2%D0%B0%D0%B1%D0%BB%D0%B8%D1%86%D0%92%D0%9F%D0%BE%D0%B4%D1%81%D1%86%D0%B5%D0%BD%D0%B0%D1%80%D0%B8%D0%B8.MD,3d65a5d93ca9dd4938063909b769ea3b1b70c0c35a0dd376722d4fa86695288e
pages/5797d36dacbf7763.md,Подсценарии Часть Один,docs/MainHelp/1.2.043.1/Глава03/ПодсценарииЧастьОдин.MD,Подсценарии Часть Один,https://github.com/Pr-Mex/vanessa-automation/blob/a2d584ced20332e7174abf94770c2dd986845a2a/docs/MainHelp/1.2.043.1/%D0%93%D0%BB%D0%B0%D0%B2%D0%B003/%D0%9F%D0%BE%D0%B4%D1%81%D1%86%D0%B5%D0%BD%D0%B0%D1%80%D0%B8%D0%B8%D0%A7%D0%B0%D1%81%D1%82%D1%8C%D0%9E%D0%B4%D0%B8%D0%BD.MD,d329548461dce7d78c346fb3197566ac6f4766d76165fb18f9e9d4044011d6b9
pages/1a92853b664c9653.md,Попытка Исключение,docs/MainHelp/1.2.043.1/Глава03/ПопыткаИсключение.MD,Попытка Исключение,https://github.com/Pr-Mex/vanessa-automation/blob/a2d584ced20332e7174abf94770c2dd986845a2a/docs/MainHelp/1.2.043.1/%D0%93%D0%BB%D0%B0%D0%B2%D0%B003/%D0%9F%D0%BE%D0%BF%D1%8B%D1%82%D0%BA%D0%B0%D0%98%D1%81%D0%BA%D0%BB%D1%8E%D1%87%D0%B5%D0%BD%D0%B8%D0%B5.MD,51e7fc294f29cbd7c72a0952b9e55a9d6102b67d9e81241ed620a4c21036d080
pages/cd0978142bd542cf.md,Правила Создания Имен Сценариев,docs/MainHelp/1.2.043.1/Глава03/ПравилаСозданияИменСценариев.MD,Правила Создания Имен Сценариев,https://github.com/Pr-Mex/vanessa-automation/blob/a2d584ced20332e7174abf94770c2dd986845a2a/docs/MainHelp/1.2.043.1/%D0%93%D0%BB%D0%B0%D0%B2%D0%B003/%D0%9F%D1%80%D0%B0%D0%B2%D0%B8%D0%BB%D0%B0%D0%A1%D0%BE%D0%B7%D0%B4%D0%B0%D0%BD%D0%B8%D1%8F%D0%98%D0%BC%D0%B5%D0%BD%D0%A1%D1%86%D0%B5%D0%BD%D0%B0%D1%80%D0%B8%D0%B5%D0%B2.MD,17da62363f78adfd95211f5a391d3755450ad809350babec4dec08f06fedd6f5
pages/642986ab2b65a70b.md,Снипеты Шагов,docs/MainHelp/1.2.043.1/Глава03/СнипетыШагов.MD,Снипеты Шагов,https://github.com/Pr-Mex/vanessa-automation/blob/a2d584ced20332e7174abf94770c2dd986845a2a/docs/MainHelp/1.2.043.1/%D0%93%D0%BB%D0%B0%D0%B2%D0%B003/%D0%A1%D0%BD%D0%B8%D0%BF%D0%B5%D1%82%D1%8B%D0%A8%D0%B0%D0%B3%D0%BE%D0%B2.MD,9b07b4572bc9eb35f127740f701d8d2c13a6a359063899929ee103ea210d3e07
pages/6a8b6b198beed122.md,Спецсимволы ВШагах Сценариев,docs/MainHelp/1.2.043.1/Глава03/СпецсимволыВШагахСценариев.MD,Спецсимволы ВШагах Сценариев,https://github.com/Pr-Mex/vanessa-automation/blob/a2d584ced20332e7174abf94770c2dd986845a2a/docs/MainHelp/1.2.043.1/%D0%93%D0%BB%D0%B0%D0%B2%D0%B003/%D0%A1%D0%BF%D0%B5%D1%86%D1%81%D0%B8%D0%BC%D0%B2%D0%BE%D0%BB%D1%8B%D0%92%D0%A8%D0%B0%D0%B3%D0%B0%D1%85%D0%A1%D1%86%D0%B5%D0%BD%D0%B0%D1%80%D0%B8%D0%B5%D0%B2.MD,80563f6bd20c2b57f7930012a0812672ee743b6c6ecf11bb7969ddba060968f9
pages/ef0c31296e3011f2.md,Тег Записи Видео Выполнения Сценария,docs/MainHelp/1.2.043.1/Глава03/ТегЗаписиВидеоВыполненияСценария.MD,Тег Записи Видео Выполнения Сценария,https://github.com/Pr-Mex/vanessa-automation/blob/a2d584ced20332e7174abf94770c2dd986845a2a/docs/MainHelp/1.2.043.1/%D0%93%D0%BB%D0%B0%D0%B2%D0%B003/%D0%A2%D0%B5%D0%B3%D0%97%D0%B0%D0%BF%D0%B8%D1%81%D0%B8%D0%92%D0%B8%D0%B4%D0%B5%D0%BE%D0%92%D1%8B%D0%BF%D0%BE%D0%BB%D0%BD%D0%B5%D0%BD%D0%B8%D1%8F%D0%A1%D1%86%D0%B5%D0%BD%D0%B0%D1%80%D0%B8%D1%8F.MD,1ff24788a86487ffce08726375c9318afabab54b0ebcb3c3ef76eabbcf9e9c0e
pages/57fcc94133fc7d69.md,Тег Снятия Скриншотов,docs/MainHelp/1.2.043.1/Глава03/ТегСнятияСкриншотов.MD,Тег Снятия Скриншотов,https://github.com/Pr-Mex/vanessa-automation/blob/a2d584ced20332e7174abf94770c2dd986845a2a/docs/MainHelp/1.2.043.1/%D0%93%D0%BB%D0%B0%D0%B2%D0%B003/%D0%A2%D0%B5%D0%B3%D0%A1%D0%BD%D1%8F%D1%82%D0%B8%D1%8F%D0%A1%D0%BA%D1%80%D0%B8%D0%BD%D1%88%D0%BE%D1%82%D0%BE%D0%B2.MD,fd9c847762bf23f6c91c7d0b4c2810152c756bc7719366882c7a93c484f717e3
pages/23c3c4399b7f5b9f.md,Условия ВСценариях,docs/MainHelp/1.2.043.1/Глава03/УсловияВСценариях.MD,Условия ВСценариях,https://github.com/Pr-Mex/vanessa-automation/blob/a2d584ced20332e7174abf94770c2dd986845a2a/docs/MainHelp/1.2.043.1/%D0%93%D0%BB%D0%B0%D0%B2%D0%B003/%D0%A3%D1%81%D0%BB%D0%BE%D0%B2%D0%B8%D1%8F%D0%92%D0%A1%D1%86%D0%B5%D0%BD%D0%B0%D1%80%D0%B8%D1%8F%D1%85.MD,bae16279d004de162875c1fe47a4eda135b7736c272c6fbfa68104587e641968
pages/cf83ed1216e263ce.md,Циклы ВСценариях,docs/MainHelp/1.2.043.1/Глава03/ЦиклыВСценариях.MD,Циклы ВСценариях,https://github.com/Pr-Mex/vanessa-automation/blob/a2d584ced20332e7174abf94770c2dd986845a2a/docs/MainHelp/1.2.043.1/%D0%93%D0%BB%D0%B0%D0%B2%D0%B003/%D0%A6%D0%B8%D0%BA%D0%BB%D1%8B%D0%92%D0%A1%D1%86%D0%B5%D0%BD%D0%B0%D1%80%D0%B8%D1%8F%D1%85.MD,7293da27dc593d65d2f4afb5833776654cac63e36edda14d8e3e8edc1a0cf016
pages/47b570a73cd2a4b8.md,Что Такое Язык Gherkin,docs/MainHelp/1.2.043.1/Глава03/ЧтоТакоеЯзыкGherkin.MD,Что Такое Язык Gherkin,https://github.com/Pr-Mex/vanessa-automation/blob/a2d584ced20332e7174abf94770c2dd986845a2a/docs/MainHelp/1.2.043.1/%D0%93%D0%BB%D0%B0%D0%B2%D0%B003/%D0%A7%D1%82%D0%BE%D0%A2%D0%B0%D0%BA%D0%BE%D0%B5%D0%AF%D0%B7%D1%8B%D0%BAGherkin.MD,04aa9739ae236ed793ada3dda4558d8ff8f9b6d73524867d8f6cc9f608efb27f
pages/554ed77d99437f43.md,Дерево Шагов Другие Языки,docs/MainHelp/1.2.043.1/Глава04/ДеревоШаговДругиеЯзыки.MD,Дерево Шагов Другие Языки,https://github.com/Pr-Mex/vanessa-automation/blob/a2d584ced20332e7174abf94770c2dd986845a2a/docs/MainHelp/1.2.043.1/%D0%93%D0%BB%D0%B0%D0%B2%D0%B004/%D0%94%D0%B5%D1%80%D0%B5%D0%B2%D0%BE%D0%A8%D0%B0%D0%B3%D0%BE%D0%B2%D0%94%D1%80%D1%83%D0%B3%D0%B8%D0%B5%D0%AF%D0%B7%D1%8B%D0%BA%D0%B8.MD,036a2efd6833bb82ec3c0e322d29428a082f22ab988eae91455547380512515f
pages/4fd7cd2b38b1edd7.md,Основная Информация По Дереву Известных Шагов,docs/MainHelp/1.2.043.1/Глава04/ОсновнаяИнформацияПоДеревуИзвестныхШагов.MD,Основная Информация По Дереву Известных Шагов,https://github.com/Pr-Mex/vanessa-automation/blob/a2d584ced20332e7174abf94770c2dd986845a2a/docs/MainHelp/1.2.043.1/%D0%93%D0%BB%D0%B0%D0%B2%D0%B004/%D0%9E%D1%81%D0%BD%D0%BE%D0%B2%D0%BD%D0%B0%D1%8F%D0%98%D0%BD%D1%84%D0%BE%D1%80%D0%BC%D0%B0%D1%86%D0%B8%D1%8F%D0%9F%D0%BE%D0%94%D0%B5%D1%80%D0%B5%D0%B2%D1%83%D0%98%D0%B7%D0%B2%D0%B5%D1%81%D1%82%D0%BD%D1%8B%D1%85%D0%A8%D0%B0%D0%B3%D0%BE%D0%B2.MD,8529e95b15a21195becc511eafeed7565bbfdbc6865a7704ec42b912b3af35a1
pages/a97806b26bcbda26.md,Как Работает Исследователь Формы,docs/MainHelp/1.2.043.1/Глава05/КакРаботаетИсследовательФормы.MD,Как Работает Исследователь Формы,https://github.com/Pr-Mex/vanessa-automation/blob/a2d584ced20332e7174abf94770c2dd986845a2a/docs/MainHelp/1.2.043.1/%D0%93%D0%BB%D0%B0%D0%B2%D0%B005/%D0%9A%D0%B0%D0%BA%D0%A0%D0%B0%D0%B1%D0%BE%D1%82%D0%B0%D0%B5%D1%82%D0%98%D1%81%D1%81%D0%BB%D0%B5%D0%B4%D0%BE%D0%B2%D0%B0%D1%82%D0%B5%D0%BB%D1%8C%D0%A4%D0%BE%D1%80%D0%BC%D1%8B.MD,1dc8d6c0ecdf9c5514b74d0b5b22499054a350af00686309fef0a53dcda7c992
pages/8733ba86fede27a3.md,Зарезервированные Имена Переменных,docs/MainHelp/1.2.043.1/Глава06/ЗарезервированныеИменаПеременных.MD,Зарезервированные Имена Переменных,https://github.com/Pr-Mex/vanessa-automation/blob/a2d584ced20332e7174abf94770c2dd986845a2a/docs/MainHelp/1.2.043.1/%D0%93%D0%BB%D0%B0%D0%B2%D0%B006/%D0%97%D0%B0%D1%80%D0%B5%D0%B7%D0%B5%D1%80%D0%B2%D0%B8%D1%80%D0%BE%D0%B2%D0%B0%D0%BD%D0%BD%D1%8B%D0%B5%D0%98%D0%BC%D0%B5%D0%BD%D0%B0%D0%9F%D0%B5%D1%80%D0%B5%D0%BC%D0%B5%D0%BD%D0%BD%D1%8B%D1%85.MD,cf36b338da369058c19c7d367b004ed868e9e9543ee60c282a8e25ab7e160f81
pages/289ac6412b7d914d.md,Использование Переменных Внутри Параметров Шагов,docs/MainHelp/1.2.043.1/Глава06/ИспользованиеПеременныхВнутриПараметровШагов.MD,Использование Переменных Внутри Параметров Шагов,https://github.com/Pr-Mex/vanessa-automation/blob/a2d584ced20332e7174abf94770c2dd986845a2a/docs/MainHelp/1.2.043.1/%D0%93%D0%BB%D0%B0%D0%B2%D0%B006/%D0%98%D1%81%D0%BF%D0%BE%D0%BB%D1%8C%D0%B7%D0%BE%D0%B2%D0%B0%D0%BD%D0%B8%D0%B5%D0%9F%D0%B5%D1%80%D0%B5%D0%BC%D0%B5%D0%BD%D0%BD%D1%8B%D1%85%D0%92%D0%BD%D1%83%D1%82%D1%80%D0%B8%D0%9F%D0%B0%D1%80%D0%B0%D0%BC%D0%B5%D1%82%D1%80%D0%BE%D0%B2%D0%A8%D0%B0%D0%B3%D0%BE%D0%B2.MD,124f310077efe053d0a4ad80c9b65d97373bfbdd205cef5b64ce122f8fd39ebb
pages/300e40814ba7fd85.md,Как Запомнить ВПеременную Выражение На Встроенном Языке,docs/MainHelp/1.2.043.1/Глава06/КакЗапомнитьВПеременнуюВыражениеНаВстроенномЯзыке.MD,Как Запомнить ВПеременную Выражение На Встроенном Языке,https://github.com/Pr-Mex/vanessa-automation/blob/a2d584ced20332e7174abf94770c2dd986845a2a/docs/MainHelp/1.2.043.1/%D0%93%D0%BB%D0%B0%D0%B2%D0%B006/%D0%9A%D0%B0%D0%BA%D0%97%D0%B0%D0%BF%D0%BE%D0%BC%D0%BD%D0%B8%D1%82%D1%8C%D0%92%D0%9F%D0%B5%D1%80%D0%B5%D0%BC%D0%B5%D0%BD%D0%BD%D1%83%D1%8E%D0%92%D1%8B%D1%80%D0%B0%D0%B6%D0%B5%D0%BD%D0%B8%D0%B5%D0%9D%D0%B0%D0%92%D1%81%D1%82%D1%80%D0%BE%D0%B5%D0%BD%D0%BD%D0%BE%D0%BC%D0%AF%D0%B7%D1%8B%D0%BA%D0%B5.MD,560934287389e08e74aef38d9cd723330a9639361cc3e405ede71c11df2da266
pages/2b3048958a9ce076.md,Как Использовать Переменную Для Вычисления На Сервере,docs/MainHelp/1.2.043.1/Глава06/КакИспользоватьПеременнуюДляВычисленияНаСервере.MD,Как Использовать Переменную Для Вычисления На Сервере,https://github.com/Pr-Mex/vanessa-automation/blob/a2d584ced20332e7174abf94770c2dd986845a2a/docs/MainHelp/1.2.043.1/%D0%93%D0%BB%D0%B0%D0%B2%D0%B006/%D0%9A%D0%B0%D0%BA%D0%98%D1%81%D0%BF%D0%BE%D0%BB%D1%8C%D0%B7%D0%BE%D0%B2%D0%B0%D1%82%D1%8C%D0%9F%D0%B5%D1%80%D0%B5%D0%BC%D0%B5%D0%BD%D0%BD%D1%83%D1%8E%D0%94%D0%BB%D1%8F%D0%92%D1%8B%D1%87%D0%B8%D1%81%D0%BB%D0%B5%D0%BD%D0%B8%D1%8F%D0%9D%D0%B0%D0%A1%D0%B5%D1%80%D0%B2%D0%B5%D1%80%D0%B5.MD,b0ae271358be02e6a257e9bb598280cf44844e7375a5651a93d8e13dade49f4c
pages/5d7b621282c8041c.md,Как Параметр Подсценария Поместить ВПеременную,docs/MainHelp/1.2.043.1/Глава06/КакПараметрПодсценарияПоместитьВПеременную.MD,Как Параметр Подсценария Поместить ВПеременную,https://github.com/Pr-Mex/vanessa-automation/blob/a2d584ced20332e7174abf94770c2dd986845a2a/docs/MainHelp/1.2.043.1/%D0%93%D0%BB%D0%B0%D0%B2%D0%B006/%D0%9A%D0%B0%D0%BA%D0%9F%D0%B0%D1%80%D0%B0%D0%BC%D0%B5%D1%82%D1%80%D0%9F%D0%BE%D0%B4%D1%81%D1%86%D0%B5%D0%BD%D0%B0%D1%80%D0%B8%D1%8F%D0%9F%D0%BE%D0%BC%D0%B5%D1%81%D1%82%D0%B8%D1%82%D1%8C%D0%92%D0%9F%D0%B5%D1%80%D0%B5%D0%BC%D0%B5%D0%BD%D0%BD%D1%83%D1%8E.MD,de095d96908d6152260e2d1f8a3017ed84c786eec4716edb3f080f25a224a730
pages/360913173b8ce037.md,Как Передать Глобальные Переменные Через Файл VAParams Json,docs/MainHelp/1.2.043.1/Глава06/КакПередатьГлобальныеПеременныеЧерезФайлVAParamsJson.MD,Как Передать Глобальные Переменные Через Файл VAParams Json,https://github.com/Pr-Mex/vanessa-automation/blob/a2d584ced20332e7174abf94770c2dd986845a2a/docs/MainHelp/1.2.043.1/%D0%93%D0%BB%D0%B0%D0%B2%D0%B006/%D0%9A%D0%B0%D0%BA%D0%9F%D0%B5%D1%80%D0%B5%D0%B4%D0%B0%D1%82%D1%8C%D0%93%D0%BB%D0%BE%D0%B1%D0%B0%D0%BB%D1%8C%D0%BD%D1%8B%D0%B5%D0%9F%D0%B5%D1%80%D0%B5%D0%BC%D0%B5%D0%BD%D0%BD%D1%8B%D0%B5%D0%A7%D0%B5%D1%80%D0%B5%D0%B7%D0%A4%D0%B0%D0%B9%D0%BBVAParamsJson.MD,21a77fe27e57f3f8978e72c9e464c97d40f3382764f8088e3812bb6cabe066d1
pages/7d5457bca62165f2.md,Как Посмотреть Значение Переменной Табло Переменных,docs/MainHelp/1.2.043.1/Глава06/КакПосмотретьЗначениеПеременнойТаблоПеременных.MD,Как Посмотреть Значение Переменной Табло Переменных,https://github.com/Pr-Mex/vanessa-automation/blob/a2d584ced20332e7174abf94770c2dd986845a2a/docs/MainHelp/1.2.043.1/%D0%93%D0%BB%D0%B0%D0%B2%D0%B006/%D0%9A%D0%B0%D0%BA%D0%9F%D0%BE%D1%81%D0%BC%D0%BE%D1%82%D1%80%D0%B5%D1%82%D1%8C%D0%97%D0%BD%D0%B0%D1%87%D0%B5%D0%BD%D0%B8%D0%B5%D0%9F%D0%B5%D1%80%D0%B5%D0%BC%D0%B5%D0%BD%D0%BD%D0%BE%D0%B9%D0%A2%D0%B0%D0%B1%D0%BB%D0%BE%D0%9F%D0%B5%D1%80%D0%B5%D0%BC%D0%B5%D0%BD%D0%BD%D1%8B%D1%85.MD,25b49cbd70f98ad56b15067a3dcb6f1b67024e2d852fb29595bf374221907a0b
pages/ceddfff9b6292a93.md,Как Сделать Чтобы Подсценарий Отображался ВДереве Известных Шагов,docs/MainHelp/1.2.043.1/Глава06/КакСделатьЧтобыПодсценарийОтображалсяВДеревеИзвестныхШагов.MD,Как Сделать Чтобы Подсценарий Отображался ВДереве Известных Шагов,https://github.com/Pr-Mex/vanessa-automation/blob/a2d584ced20332e7174abf94770c2dd986845a2a/docs/MainHelp/1.2.043.1/%D0%93%D0%BB%D0%B0%D0%B2%D0%B006/%D0%9A%D0%B0%D0%BA%D0%A1%D0%B4%D0%B5%D0%BB%D0%B0%D1%82%D1%8C%D0%A7%D1%82%D0%BE%D0%B1%D1%8B%D0%9F%D0%BE%D0%B4%D1%81%D1%86%D0%B5%D0%BD%D0%B0%D1%80%D0%B8%D0%B9%D0%9E%D1%82%D0%BE%D0%B1%D1%80%D0%B0%D0%B6%D0%B0%D0%BB%D1%81%D1%8F%D0%92%D0%94%D0%B5%D1%80%D0%B5%D0%B2%D0%B5%D0%98%D0%B7%D0%B2%D0%B5%D1%81%D1%82%D0%BD%D1%8B%D1%85%D0%A8%D0%B0%D0%B3%D0%BE%D0%B2.MD,29df5b745873044897b2456916c5062440be4f5c462883f1b50a239e0eac787e
pages/127c18c157a62b30.md,Как Сравнить Две Переменные,docs/MainHelp/1.2.043.1/Глава06/КакСравнитьДвеПеременные.MD,Как Сравнить Две Переменные,https://github.com/Pr-Mex/vanessa-automation/blob/a2d584ced20332e7174abf94770c2dd986845a2a/docs/MainHelp/1.2.043.1/%D0%93%D0%BB%D0%B0%D0%B2%D0%B006/%D0%9A%D0%B0%D0%BA%D0%A1%D1%80%D0%B0%D0%B2%D0%BD%D0%B8%D1%82%D1%8C%D0%94%D0%B2%D0%B5%D0%9F%D0%B5%D1%80%D0%B5%D0%BC%D0%B5%D0%BD%D0%BD%D1%8B%D0%B5.MD,42f188f1e06fae0e1f5626f0894c3c133fbe40d8756a3c6d9f806559afef8d26
pages/71d25ba1443e2aef.md,Как Удалить Переменные,docs/MainHelp/1.2.043.1/Глава06/КакУдалитьПеременные.MD,Как Удалить Переменные,https://github.com/Pr-Mex/vanessa-automation/blob/a2d584ced20332e7174abf94770c2dd986845a2a/docs/MainHelp/1.2.043.1/%D0%93%D0%BB%D0%B0%D0%B2%D0%B006/%D0%9A%D0%B0%D0%BA%D0%A3%D0%B4%D0%B0%D0%BB%D0%B8%D1%82%D1%8C%D0%9F%D0%B5%D1%80%D0%B5%D0%BC%D0%B5%D0%BD%D0%BD%D1%8B%D0%B5.MD,fd5023f30da952652a24ceef6acc3075df227aa7c5463e811ee9bf56bac05660
pages/cac655538f5506a4.md,Особенности Передачи Переменных ВШаги Которые Вычисляют Выражение,docs/MainHelp/1.2.043.1/Глава06/ОсобенностиПередачиПеременныхВШагиКоторыеВычисляютВыражение.MD,Особенности Передачи Переменных ВШаги Которые Вычисляют Выражение,https://github.com/Pr-Mex/vanessa-automation/blob/a2d584ced20332e7174abf94770c2dd986845a2a/docs/MainHelp/1.2.043.1/%D0%93%D0%BB%D0%B0%D0%B2%D0%B006/%D0%9E%D1%81%D0%BE%D0%B1%D0%B5%D0%BD%D0%BD%D0%BE%D1%81%D1%82%D0%B8%D0%9F%D0%B5%D1%80%D0%B5%D0%B4%D0%B0%D1%87%D0%B8%D0%9F%D0%B5%D1%80%D0%B5%D0%BC%D0%B5%D0%BD%D0%BD%D1%8B%D1%85%D0%92%D0%A8%D0%B0%D0%B3%D0%B8%D0%9A%D0%BE%D1%82%D0%BE%D1%80%D1%8B%D0%B5%D0%92%D1%8B%D1%87%D0%B8%D1%81%D0%BB%D1%8F%D1%8E%D1%82%D0%92%D1%8B%D1%80%D0%B0%D0%B6%D0%B5%D0%BD%D0%B8%D0%B5.MD,7c05792dfb6d05baebd776e794b3a1b653763e6415e0cb5bb2c41661abc948a7
pages/d0578c4b21810805.md,Простой Пример Использования Переменных,docs/MainHelp/1.2.043.1/Глава06/ПростойПримерИспользованияПеременных.MD,Простой Пример Использования Переменных,https://github.com/Pr-Mex/vanessa-automation/blob/a2d584ced20332e7174abf94770c2dd986845a2a/docs/MainHelp/1.2.043.1/%D0%93%D0%BB%D0%B0%D0%B2%D0%B006/%D0%9F%D1%80%D0%BE%D1%81%D1%82%D0%BE%D0%B9%D0%9F%D1%80%D0%B8%D0%BC%D0%B5%D1%80%D0%98%D1%81%D0%BF%D0%BE%D0%BB%D1%8C%D0%B7%D0%BE%D0%B2%D0%B0%D0%BD%D0%B8%D1%8F%D0%9F%D0%B5%D1%80%D0%B5%D0%BC%D0%B5%D0%BD%D0%BD%D1%8B%D1%85.MD,4f14a0a6e4e3cea482f0d5aa57439a53709c6fc69ff56deb540d5f05dc106475
pages/7a2b6857332f0d99.md,Создание Переменных Кодом,docs/MainHelp/1.2.043.1/Глава06/СозданиеПеременныхКодом.MD,Создание Переменных Кодом,https://github.com/Pr-Mex/vanessa-automation/blob/a2d584ced20332e7174abf94770c2dd986845a2a/docs/MainHelp/1.2.043.1/%D0%93%D0%BB%D0%B0%D0%B2%D0%B006/%D0%A1%D0%BE%D0%B7%D0%B4%D0%B0%D0%BD%D0%B8%D0%B5%D0%9F%D0%B5%D1%80%D0%B5%D0%BC%D0%B5%D0%BD%D0%BD%D1%8B%D1%85%D0%9A%D0%BE%D0%B4%D0%BE%D0%BC.MD,5b2b0e5eb297fb3bc0fbcb8473c9ffc88b8fa0a70853929409bc7b4b88722a9d
pages/0046c64833d5da70.md,Типы Переменных Как Получить Текущую Дату,docs/MainHelp/1.2.043.1/Глава06/ТипыПеременныхКакПолучитьТекущуюДату.MD,Типы Переменных Как Получить Текущую Дату,https://github.com/Pr-Mex/vanessa-automation/blob/a2d584ced20332e7174abf94770c2dd986845a2a/docs/MainHelp/1.2.043.1/%D0%93%D0%BB%D0%B0%D0%B2%D0%B006/%D0%A2%D0%B8%D0%BF%D1%8B%D0%9F%D0%B5%D1%80%D0%B5%D0%BC%D0%B5%D0%BD%D0%BD%D1%8B%D1%85%D0%9A%D0%B0%D0%BA%D0%9F%D0%BE%D0%BB%D1%83%D1%87%D0%B8%D1%82%D1%8C%D0%A2%D0%B5%D0%BA%D1%83%D1%89%D1%83%D1%8E%D0%94%D0%B0%D1%82%D1%83.MD,b7c6051eb2c6cc51ac69698dea48a5e78b386d43d4f9417ef6f22ad9a3354cab
pages/deaa340fde657ae4.md,Создание Тестовых Данных Обзор,docs/MainHelp/1.2.043.1/Глава07/СозданиеТестовыхДанныхОбзор.MD,Создание Тестовых Данных Обзор,https://github.com/Pr-Mex/vanessa-automation/blob/a2d584ced20332e7174abf94770c2dd986845a2a/docs/MainHelp/1.2.043.1/%D0%93%D0%BB%D0%B0%D0%B2%D0%B007/%D0%A1%D0%BE%D0%B7%D0%B4%D0%B0%D0%BD%D0%B8%D0%B5%D0%A2%D0%B5%D1%81%D1%82%D0%BE%D0%B2%D1%8B%D1%85%D0%94%D0%B0%D0%BD%D0%BD%D1%8B%D1%85%D0%9E%D0%B1%D0%B7%D0%BE%D1%80.MD,2769067aeeace64a8eff8f4da4ad7ebd0f67d7fe995ebc2bbb2a339ce7a947bb
pages/63618f80500887e8.md,Выбор Файла Из Диалога Выбора Файлов,docs/MainHelp/1.2.043.1/Глава08/ВыборФайлаИзДиалогаВыбораФайлов.MD,Выбор Файла Из Диалога Выбора Файлов,https://github.com/Pr-Mex/vanessa-automation/blob/a2d584ced20332e7174abf94770c2dd986845a2a/docs/MainHelp/1.2.043.1/%D0%93%D0%BB%D0%B0%D0%B2%D0%B008/%D0%92%D1%8B%D0%B1%D0%BE%D1%80%D0%A4%D0%B0%D0%B9%D0%BB%D0%B0%D0%98%D0%B7%D0%94%D0%B8%D0%B0%D0%BB%D0%BE%D0%B3%D0%B0%D0%92%D1%8B%D0%B1%D0%BE%D1%80%D0%B0%D0%A4%D0%B0%D0%B9%D0%BB%D0%BE%D0%B2.MD,132f6764ea420d866e9c5442e7556eb4d6402f11eba3f1edf4c22b7bf750250c
pages/7e1d014422e68e4d.md,Горячие Клавиши Редактора,docs/MainHelp/1.2.043.1/Глава08/ГорячиеКлавишиРедактора.MD,Горячие Клавиши Редактора,https://github.com/Pr-Mex/vanessa-automation/blob/a2d584ced20332e7174abf94770c2dd986845a2a/docs/MainHelp/1.2.043.1/%D0%93%D0%BB%D0%B0%D0%B2%D0%B008/%D0%93%D0%BE%D1%80%D1%8F%D1%87%D0%B8%D0%B5%D0%9A%D0%BB%D0%B0%D0%B2%D0%B8%D1%88%D0%B8%D0%A0%D0%B5%D0%B4%D0%B0%D0%BA%D1%82%D0%BE%D1%80%D0%B0.MD,ce42d72a2cfa35aa63f70fcba8af44250bb5076bc3332b03ed5cd642a41c1a6d
pages/8a86345a95f969c3.md,Как Быстро Актуализировать Шаг По Данным Ошибки,docs/MainHelp/1.2.043.1/Глава08/КакБыстроАктуализироватьШагПоДаннымОшибки.MD,Как Быстро Актуализировать Шаг По Данным Ошибки,https://github.com/Pr-Mex/vanessa-automation/blob/a2d584ced20332e7174abf94770c2dd986845a2a/docs/MainHelp/1.2.043.1/%D0%93%D0%BB%D0%B0%D0%B2%D0%B008/%D0%9A%D0%B0%D0%BA%D0%91%D1%8B%D1%81%D1%82%D1%80%D0%BE%D0%90%D0%BA%D1%82%D1%83%D0%B0%D0%BB%D0%B8%D0%B7%D0%B8%D1%80%D0%BE%D0%B2%D0%B0%D1%82%D1%8C%D0%A8%D0%B0%D0%B3%D0%9F%D0%BE%D0%94%D0%B0%D0%BD%D0%BD%D1%8B%D0%BC%D0%9E%D1%88%D0%B8%D0%B1%D0%BA%D0%B8.MD,3bf110a5d5ca13d2e448384b0eaa34eb07e0ec8af637fa393b235549b8e7584a
pages/51a63398d32439cd.md,Как ВСценарии Выполнить Код На Языке1С,docs/MainHelp/1.2.043.1/Глава08/КакВСценарииВыполнитьКодНаЯзыке1С.MD,Как ВСценарии Выполнить Код На Языке1С,https://github.com/Pr-Mex/vanessa-automation/blob/a2d584ced20332e7174abf94770c2dd986845a2a/docs/MainHelp/1.2.043.1/%D0%93%D0%BB%D0%B0%D0%B2%D0%B008/%D0%9A%D0%B0%D0%BA%D0%92%D0%A1%D1%86%D0%B5%D0%BD%D0%B0%D1%80%D0%B8%D0%B8%D0%92%D1%8B%D0%BF%D0%BE%D0%BB%D0%BD%D0%B8%D1%82%D1%8C%D0%9A%D0%BE%D0%B4%D0%9D%D0%B0%D0%AF%D0%B7%D1%8B%D0%BA%D0%B51%D0%A1.MD,ccb6ea0c594c9a70c1e7ad5c93bedae424cda20d74c398fa8a47e5cf849ddc4d
pages/13ae0243303d1a4f.md,Как Вывести Дополнительную Информацию ВЛог,docs/MainHelp/1.2.043.1/Глава08/КакВывестиДополнительнуюИнформациюВЛог.MD,Как Вывести Дополнительную Информацию ВЛог,https://github.com/Pr-Mex/vanessa-automation/blob/a2d584ced20332e7174abf94770c2dd986845a2a/docs/MainHelp/1.2.043.1/%D0%93%D0%BB%D0%B0%D0%B2%D0%B008/%D0%9A%D0%B0%D0%BA%D0%92%D1%8B%D0%B2%D0%B5%D1%81%D1%82%D0%B8%D0%94%D0%BE%D0%BF%D0%BE%D0%BB%D0%BD%D0%B8%D1%82%D0%B5%D0%BB%D1%8C%D0%BD%D1%83%D1%8E%D0%98%D0%BD%D1%84%D0%BE%D1%80%D0%BC%D0%B0%D1%86%D0%B8%D1%8E%D0%92%D0%9B%D0%BE%D0%B3.MD,0b52ca4ee7db3481af20946d92f69f93506aa1b3085c99cccfa18c923f3e9850
pages/83faaf4f2cabbd8f.md,Как Вызвать Сохранение ВФайл Табличного Документа Или Поля Текстового Документа,docs/MainHelp/1.2.043.1/Глава08/КакВызватьСохранениеВФайлТабличногоДокументаИлиПоляТекстовогоДокумента.MD,Как Вызвать Сохранение ВФайл Табличного Документа Или Поля Текстового Документа,https://github.com/Pr-Mex/vanessa-automation/blob/a2d584ced20332e7174abf94770c2dd986845a2a/docs/MainHelp/1.2.043.1/%D0%93%D0%BB%D0%B0%D0%B2%D0%B008/%D0%9A%D0%B0%D0%BA%D0%92%D1%8B%D0%B7%D0%B2%D0%B0%D1%82%D1%8C%D0%A1%D0%BE%D1%85%D1%80%D0%B0%D0%BD%D0%B5%D0%BD%D0%B8%D0%B5%D0%92%D0%A4%D0%B0%D0%B9%D0%BB%D0%A2%D0%B0%D0%B1%D0%BB%D0%B8%D1%87%D0%BD%D0%BE%D0%B3%D0%BE%D0%94%D0%BE%D0%BA%D1%83%D0%BC%D0%B5%D0%BD%D1%82%D0%B0%D0%98%D0%BB%D0%B8%D0%9F%D0%BE%D0%BB%D1%8F%D0%A2%D0%B5%D0%BA%D1%81%D1%82%D0%BE%D0%B2%D0%BE%D0%B3%D0%BE%D0%94%D0%BE%D0%BA%D1%83%D0%BC%D0%B5%D0%BD%D1%82%D0%B0.MD,5f6feaf2be8c943b79951e0e45d8e29a5c954efe0d5aaf19ee56e8b9eebf39c9
pages/b64554ed4bd6052b.md,Как Закрыть Браузер После Окончания Выполнения Тестов,docs/MainHelp/1.2.043.1/Глава08/КакЗакрытьБраузерПослеОкончанияВыполненияТестов.MD,Как Закрыть Браузер После Окончания Выполнения Тестов,https://github.com/Pr-Mex/vanessa-automation/blob/a2d584ced20332e7174abf94770c2dd986845a2a/docs/MainHelp/1.2.043.1/%D0%93%D0%BB%D0%B0%D0%B2%D0%B008/%D0%9A%D0%B0%D0%BA%D0%97%D0%B0%D0%BA%D1%80%D1%8B%D1%82%D1%8C%D0%91%D1%80%D0%B0%D1%83%D0%B7%D0%B5%D1%80%D0%9F%D0%BE%D1%81%D0%BB%D0%B5%D0%9E%D0%BA%D0%BE%D0%BD%D1%87%D0%B0%D0%BD%D0%B8%D1%8F%D0%92%D1%8B%D0%BF%D0%BE%D0%BB%D0%BD%D0%B5%D0%BD%D0%B8%D1%8F%D0%A2%D0%B5%D1%81%D1%82%D0%BE%D0%B2.MD,478ee174cc2eabfcc0e61a5cbb5c66c585e83c359ac6312c1f2daf573e70414a
pages/7dd05e240c205653.md,Как Изменить Настройки Vanessa Automation ВСценарии,docs/MainHelp/1.2.043.1/Глава08/КакИзменитьНастройкиVanessaAutomationВСценарии.MD,Как Изменить Настройки Vanessa Automation ВСценарии,https://github.com/Pr-Mex/vanessa-automation/blob/a2d584ced20332e7174abf94770c2dd986845a2a/docs/MainHelp/1.2.043.1/%D0%93%D0%BB%D0%B0%D0%B2%D0%B008/%D0%9A%D0%B0%D0%BA%D0%98%D0%B7%D0%BC%D0%B5%D0%BD%D0%B8%D1%82%D1%8C%D0%9D%D0%B0%D1%81%D1%82%D1%80%D0%BE%D0%B9%D0%BA%D0%B8VanessaAutomation%D0%92%D0%A1%D1%86%D0%B5%D0%BD%D0%B0%D1%80%D0%B8%D0%B8.MD,001d7e65ff3a32af56084e1c4d0db4259746eb076529f1f4babe96117abc7dd5
pages/fb0a7c9ee07abf71.md,Как Получить Подробную Информацию ОШаге,docs/MainHelp/1.2.043.1/Глава08/КакПолучитьПодробнуюИнформациюОШаге.MD,Как Получить Подробную Информацию ОШаге,https://github.com/Pr-Mex/vanessa-automation/blob/a2d584ced20332e7174abf94770c2dd986845a2a/docs/MainHelp/1.2.043.1/%D0%93%D0%BB%D0%B0%D0%B2%D0%B008/%D0%9A%D0%B0%D0%BA%D0%9F%D0%BE%D0%BB%D1%83%D1%87%D0%B8%D1%82%D1%8C%D0%9F%D0%BE%D0%B4%D1%80%D0%BE%D0%B1%D0%BD%D1%83%D1%8E%D0%98%D0%BD%D1%84%D0%BE%D1%80%D0%BC%D0%B0%D1%86%D0%B8%D1%8E%D0%9E%D0%A8%D0%B0%D0%B3%D0%B5.MD,88902184ba84b2a3f2474f53ffabfe0f07239903ad8ce945e2d5e9e987c06b42
pages/9f0cad5a188d642b.md,Как Получить Шаги Проверяющие Состояние Формы,docs/MainHelp/1.2.043.1/Глава08/КакПолучитьШагиПроверяющиеСостояниеФормы.MD,Как Получить Шаги Проверяющие Состояние Формы,https://github.com/Pr-Mex/vanessa-automation/blob/a2d584ced20332e7174abf94770c2dd986845a2a/docs/MainHelp/1.2.043.1/%D0%93%D0%BB%D0%B0%D0%B2%D0%B008/%D0%9A%D0%B0%D0%BA%D0%9F%D0%BE%D0%BB%D1%83%D1%87%D0%B8%D1%82%D1%8C%D0%A8%D0%B0%D0%B3%D0%B8%D0%9F%D1%80%D0%BE%D0%B2%D0%B5%D1%80%D1%8F%D1%8E%D1%89%D0%B8%D0%B5%D0%A1%D0%BE%D1%81%D1%82%D0%BE%D1%8F%D0%BD%D0%B8%D0%B5%D0%A4%D0%BE%D1%80%D0%BC%D1%8B.MD,8a17dddcaf6156a772490ad54003ab39813ff4ba064a56da7617bec341707a8b
pages/04c4d792ab8a5dc4.md,Как Понять Что Изменилось ВФорме Чтобы Дождаться Нужного Состояния,docs/MainHelp/1.2.043.1/Глава08/КакПонятьЧтоИзменилосьВФормеЧтобыДождатьсяНужногоСостояния.MD,Как Понять Что Изменилось ВФорме Чтобы Дождаться Нужного Состояния,https://github.com/Pr-Mex/vanessa-automation/blob/a2d584ced20332e7174abf94770c2dd986845a2a/docs/MainHelp/1.2.043.1/%D0%93%D0%BB%D0%B0%D0%B2%D0%B008/%D0%9A%D0%B0%D0%BA%D0%9F%D0%BE%D0%BD%D1%8F%D1%82%D1%8C%D0%A7%D1%82%D0%BE%D0%98%D0%B7%D0%BC%D0%B5%D0%BD%D0%B8%D0%BB%D0%BE%D1%81%D1%8C%D0%92%D0%A4%D0%BE%D1%80%D0%BC%D0%B5%D0%A7%D1%82%D0%BE%D0%B1%D1%8B%D0%94%D0%BE%D0%B6%D0%B4%D0%B0%D1%82%D1%8C%D1%81%D1%8F%D0%9D%D1%83%D0%B6%D0%BD%D0%BE%D0%B3%D0%BE%D0%A1%D0%BE%D1%81%D1%82%D0%BE%D1%8F%D0%BD%D0%B8%D1%8F.MD,063e99e4bf3c76dc4b800710f4727389a5e924f334c278c2ad02948810a297fd
pages/7b647ea2d6133e5e.md,Как Понять Что Пошло Не Так При Запуске Тестов ВCIКонтуре,docs/MainHelp/1.2.043.1/Глава08/КакПонятьЧтоПошлоНеТакПриЗапускеТестовВCIКонтуре.MD,Как Понять Что Пошло Не Так При Запуске Тестов ВCIКонтуре,https://github.com/Pr-Mex/vanessa-automation/blob/a2d584ced20332e7174abf94770c2dd986845a2a/docs/MainHelp/1.2.043.1/%D0%93%D0%BB%D0%B0%D0%B2%D0%B008/%D0%9A%D0%B0%D0%BA%D0%9F%D0%BE%D0%BD%D1%8F%D1%82%D1%8C%D0%A7%D1%82%D0%BE%D0%9F%D0%BE%D1%88%D0%BB%D0%BE%D0%9D%D0%B5%D0%A2%D0%B0%D0%BA%D0%9F%D1%80%D0%B8%D0%97%D0%B0%D0%BF%D1%83%D1%81%D0%BA%D0%B5%D0%A2%D0%B5%D1%81%D1%82%D0%BE%D0%B2%D0%92CI%D0%9A%D0%BE%D0%BD%D1%82%D1%83%D1%80%D0%B5.MD,456cf7cdb313aac0beeeeca251d58b3325428c491be43d1b36493009f35ad180
pages/dd26dfe67df6a6c5.md,Как Посмотреть Подробные Детали Ошибки Гиперссылка Детали,docs/MainHelp/1.2.043.1/Глава08/КакПосмотретьПодробныеДеталиОшибкиГиперссылкаДетали.MD,Как Посмотреть Подробные Детали Ошибки Гиперссылка Детали,https://github.com/Pr-Mex/vanessa-automation/blob/a2d584ced20332e7174abf94770c2dd986845a2a/docs/MainHelp/1.2.043.1/%D0%93%D0%BB%D0%B0%D0%B2%D0%B008/%D0%9A%D0%B0%D0%BA%D0%9F%D0%BE%D1%81%D0%BC%D0%BE%D1%82%D1%80%D0%B5%D1%82%D1%8C%D0%9F%D0%BE%D0%B4%D1%80%D0%BE%D0%B1%D0%BD%D1%8B%D0%B5%D0%94%D0%B5%D1%82%D0%B0%D0%BB%D0%B8%D0%9E%D1%88%D0%B8%D0%B1%D0%BA%D0%B8%D0%93%D0%B8%D0%BF%D0%B5%D1%80%D1%81%D1%81%D1%8B%D0%BB%D0%BA%D0%B0%D0%94%D0%B5%D1%82%D0%B0%D0%BB%D0%B8.MD,9afa170a1332ece54f290a6b6dccd461b8c37bf52b52c75193adf33ec34d727a
pages/18179f1fff224011.md,Как Правильно Проверить Доступность Кнопки Поля,docs/MainHelp/1.2.043.1/Глава08/КакПравильноПроверитьДоступностьКнопкиПоля.MD,Как Правильно Проверить Доступность Кнопки Поля,https://github.com/Pr-Mex/vanessa-automation/blob/a2d584ced20332e7174abf94770c2dd986845a2a/docs/MainHelp/1.2.043.1/%D0%93%D0%BB%D0%B0%D0%B2%D0%B008/%D0%9A%D0%B0%D0%BA%D0%9F%D1%80%D0%B0%D0%B2%D0%B8%D0%BB%D1%8C%D0%BD%D0%BE%D0%9F%D1%80%D0%BE%D0%B2%D0%B5%D1%80%D0%B8%D1%82%D1%8C%D0%94%D0%BE%D1%81%D1%82%D1%83%D0%BF%D0%BD%D0%BE%D1%81%D1%82%D1%8C%D0%9A%D0%BD%D0%BE%D0%BF%D0%BA%D0%B8%D0%9F%D0%BE%D0%BB%D1%8F.MD,2793da125dc46525f85f17b36883baa83afe01aab6a6cae6fdeb4d7fdc5eb58a
pages/8fb05509e6dd05b9.md,Как Программно Записать Элемент АПотом Открыть Его Навигационную Ссылку,docs/MainHelp/1.2.043.1/Глава08/КакПрограммноЗаписатьЭлементАПотомОткрытьЕгоНавигационнуюСсылку.MD,Как Программно Записать Элемент АПотом Открыть Его Навигационную Ссылку,https://github.com/Pr-Mex/vanessa-automation/blob/a2d584ced20332e7174abf94770c2dd986845a2a/docs/MainHelp/1.2.043.1/%D0%93%D0%BB%D0%B0%D0%B2%D0%B008/%D0%9A%D0%B0%D0%BA%D0%9F%D1%80%D0%BE%D0%B3%D1%80%D0%B0%D0%BC%D0%BC%D0%BD%D0%BE%D0%97%D0%B0%D0%BF%D0%B8%D1%81%D0%B0%D1%82%D1%8C%D0%AD%D0%BB%D0%B5%D0%BC%D0%B5%D0%BD%D1%82%D0%90%D0%9F%D0%BE%D1%82%D0%BE%D0%BC%D0%9E%D1%82%D0%BA%D1%80%D1%8B%D1%82%D1%8C%D0%95%D0%B3%D0%BE%D0%9D%D0%B0%D0%B2%D0%B8%D0%B3%D0%B0%D1%86%D0%B8%D0%BE%D0%BD%D0%BD%D1%83%D1%8E%D0%A1%D1%81%D1%8B%D0%BB%D0%BA%D1%83.MD,93a8964f5cf248bec686cac7f8ce0edaaa41c9657e4b85aa292146b6ac7ce94a
pages/3c76c37cdc389ac0.md,Как Тестировать HTMLДокумент,docs/MainHelp/1.2.043.1/Глава08/КакТестироватьHTMLДокумент.MD,Как Тестировать HTMLДокумент,https://github.com/Pr-Mex/vanessa-automation/blob/a2d584ced20332e7174abf94770c2dd986845a2a/docs/MainHelp/1.2.043.1/%D0%93%D0%BB%D0%B0%D0%B2%D0%B008/%D0%9A%D0%B0%D0%BA%D0%A2%D0%B5%D1%81%D1%82%D0%B8%D1%80%D0%BE%D0%B2%D0%B0%D1%82%D1%8CHTML%D0%94%D0%BE%D0%BA%D1%83%D0%BC%D0%B5%D0%BD%D1%82.MD,284c832e90e7e5536657f80abd6db649e5ecd290d13fb0627f8e54b689a63efd
pages/672cefc9441961d3.md,Когда ВШагах Можно Использовать Символ Звездочка,docs/MainHelp/1.2.043.1/Глава08/КогдаВШагахМожноИспользоватьСимволЗвездочка.MD,Когда ВШагах Можно Использовать Символ Звездочка,https://github.com/Pr-Mex/vanessa-automation/blob/a2d584ced20332e7174abf94770c2dd986845a2a/docs/MainHelp/1.2.043.1/%D0%93%D0%BB%D0%B0%D0%B2%D0%B008/%D0%9A%D0%BE%D0%B3%D0%B4%D0%B0%D0%92%D0%A8%D0%B0%D0%B3%D0%B0%D1%85%D0%9C%D0%BE%D0%B6%D0%BD%D0%BE%D0%98%D1%81%D0%BF%D0%BE%D0%BB%D1%8C%D0%B7%D0%BE%D0%B2%D0%B0%D1%82%D1%8C%D0%A1%D0%B8%D0%BC%D0%B2%D0%BE%D0%BB%D0%97%D0%B2%D0%B5%D0%B7%D0%B4%D0%BE%D1%87%D0%BA%D0%B0.MD,ee3f8c205148a24a9016cf2fa8086dcc252d65fa122cca697b85b4c343b9c21c
pages/51f4eb32a94ead02.md,Когда Надо Использовать Паузу,docs/MainHelp/1.2.043.1/Глава08/КогдаНадоИспользоватьПаузу.MD,Когда Надо Использовать Паузу,https://github.com/Pr-Mex/vanessa-automation/blob/a2d584ced20332e7174abf94770c2dd986845a2a/docs/MainHelp/1.2.043.1/%D0%93%D0%BB%D0%B0%D0%B2%D0%B008/%D0%9A%D0%BE%D0%B3%D0%B4%D0%B0%D0%9D%D0%B0%D0%B4%D0%BE%D0%98%D1%81%D0%BF%D0%BE%D0%BB%D1%8C%D0%B7%D0%BE%D0%B2%D0%B0%D1%82%D1%8C%D0%9F%D0%B0%D1%83%D0%B7%D1%83.MD,806741f3f8fc3191519ae397d465591db7ac95af8526980d81c96637deb39200
pages/eafc1415566737e8.md,Особенности Шагов При Выборе Значения По Номеру,docs/MainHelp/1.2.043.1/Глава08/ОсобенностиШаговПриВыбореЗначенияПоНомеру.MD,Особенности Шагов При Выборе Значения По Номеру,https://github.com/Pr-Mex/vanessa-automation/blob/a2d584ced20332e7174abf94770c2dd986845a2a/docs/MainHelp/1.2.043.1/%D0%93%D0%BB%D0%B0%D0%B2%D0%B008/%D0%9E%D1%81%D0%BE%D0%B1%D0%B5%D0%BD%D0%BD%D0%BE%D1%81%D1%82%D0%B8%D0%A8%D0%B0%D0%B3%D0%BE%D0%B2%D0%9F%D1%80%D0%B8%D0%92%D1%8B%D0%B1%D0%BE%D1%80%D0%B5%D0%97%D0%BD%D0%B0%D1%87%D0%B5%D0%BD%D0%B8%D1%8F%D0%9F%D0%BE%D0%9D%D0%BE%D0%BC%D0%B5%D1%80%D1%83.MD,72151e4ade4f3e1cb8ef33b552c6c490269737d2e3c91b581990fb841325cd4e
pages/9265375da7b02202.md,Проверить Равенство Табличного Документа Эталону,docs/MainHelp/1.2.043.1/Глава08/ПроверитьРавенствоТабличногоДокументаЭталону.MD,Проверить Равенство Табличного Документа Эталону,https://github.com/Pr-Mex/vanessa-automation/blob/a2d584ced20332e7174abf94770c2dd986845a2a/docs/MainHelp/1.2.043.1/%D0%93%D0%BB%D0%B0%D0%B2%D0%B008/%D0%9F%D1%80%D0%BE%D0%B2%D0%B5%D1%80%D0%B8%D1%82%D1%8C%D0%A0%D0%B0%D0%B2%D0%B5%D0%BD%D1%81%D1%82%D0%B2%D0%BE%D0%A2%D0%B0%D0%B1%D0%BB%D0%B8%D1%87%D0%BD%D0%BE%D0%B3%D0%BE%D0%94%D0%BE%D0%BA%D1%83%D0%BC%D0%B5%D0%BD%D1%82%D0%B0%D0%AD%D1%82%D0%B0%D0%BB%D0%BE%D0%BD%D1%83.MD,f298dab4d28e5c0d475f7f2a963d05da00e94c59f7296da1d6798641a2d2e401
pages/a7f63be9e8000d5e.md,Сравнить Текст Фича Файла СДругим Файлом,docs/MainHelp/1.2.043.1/Глава08/СравнитьТекстФичаФайлаСДругимФайлом.MD,Сравнить Текст Фича Файла СДругим Файлом,https://github.com/Pr-Mex/vanessa-automation/blob/a2d584ced20332e7174abf94770c2dd986845a2a/docs/MainHelp/1.2.043.1/%D0%93%D0%BB%D0%B0%D0%B2%D0%B008/%D0%A1%D1%80%D0%B0%D0%B2%D0%BD%D0%B8%D1%82%D1%8C%D0%A2%D0%B5%D0%BA%D1%81%D1%82%D0%A4%D0%B8%D1%87%D0%B0%D0%A4%D0%B0%D0%B9%D0%BB%D0%B0%D0%A1%D0%94%D1%80%D1%83%D0%B3%D0%B8%D0%BC%D0%A4%D0%B0%D0%B9%D0%BB%D0%BE%D0%BC.MD,6049359528ae953c5d9ed3dc454ae188743660ea13821d8a720a51628435c602
pages/680c6bd952fa4bcd.md,Отчет ОВыполнении Сценариев ВФормате Allure,docs/MainHelp/1.2.043.1/Глава09/ОтчетОВыполненииСценариевВФорматеAllure.MD,Отчет ОВыполнении Сценариев ВФормате Allure,https://github.com/Pr-Mex/vanessa-automation/blob/a2d584ced20332e7174abf94770c2dd986845a2a/docs/MainHelp/1.2.043.1/%D0%93%D0%BB%D0%B0%D0%B2%D0%B009/%D0%9E%D1%82%D1%87%D0%B5%D1%82%D0%9E%D0%92%D1%8B%D0%BF%D0%BE%D0%BB%D0%BD%D0%B5%D0%BD%D0%B8%D0%B8%D0%A1%D1%86%D0%B5%D0%BD%D0%B0%D1%80%D0%B8%D0%B5%D0%B2%D0%92%D0%A4%D0%BE%D1%80%D0%BC%D0%B0%D1%82%D0%B5Allure.MD,9a57c2cc9b87207d5e6792dcb401305e6db3eb801beb07e99f429d770321b244
pages/5bfe9a379e410f47.md,Установка Меток Allure Из Шагов Сценария,docs/MainHelp/1.2.043.1/Глава09/УстановкаМетокAllureИзШаговСценария.MD,Установка Меток Allure Из Шагов Сценария,https://github.com/Pr-Mex/vanessa-automation/blob/a2d584ced20332e7174abf94770c2dd986845a2a/docs/MainHelp/1.2.043.1/%D0%93%D0%BB%D0%B0%D0%B2%D0%B009/%D0%A3%D1%81%D1%82%D0%B0%D0%BD%D0%BE%D0%B2%D0%BA%D0%B0%D0%9C%D0%B5%D1%82%D0%BE%D0%BAAllure%D0%98%D0%B7%D0%A8%D0%B0%D0%B3%D0%BE%D0%B2%D0%A1%D1%86%D0%B5%D0%BD%D0%B0%D1%80%D0%B8%D1%8F.MD,a1ae98c14616b897cc5634811336d62b8feaf2d93fb868a13ac9655828f4fc38
pages/79162054a1d1197c.md,Закрыть Сеанс1СВОбычных Формах UIAutomation,docs/MainHelp/1.2.043.1/Глава11/ЗакрытьСеанс1СВОбычныхФормахUIAutomation.MD,Закрыть Сеанс1СВОбычных Формах UIAutomation,https://github.com/Pr-Mex/vanessa-automation/blob/a2d584ced20332e7174abf94770c2dd986845a2a/docs/MainHelp/1.2.043.1/%D0%93%D0%BB%D0%B0%D0%B2%D0%B011/%D0%97%D0%B0%D0%BA%D1%80%D1%8B%D1%82%D1%8C%D0%A1%D0%B5%D0%B0%D0%BD%D1%811%D0%A1%D0%92%D0%9E%D0%B1%D1%8B%D1%87%D0%BD%D1%8B%D1%85%D0%A4%D0%BE%D1%80%D0%BC%D0%B0%D1%85UIAutomation.MD,68bdd462c1c2025994bd5b96505c7afdd891ceabd2510b58c6e86ed5a4254ca9
pages/8407c86bcf714dd8.md,Как Открыть Окно Все Функции СПомощью UIAutomation,docs/MainHelp/1.2.043.1/Глава11/КакОткрытьОкноВсеФункцииСПомощьюUIAutomation.MD,Как Открыть Окно Все Функции СПомощью UIAutomation,https://github.com/Pr-Mex/vanessa-automation/blob/a2d584ced20332e7174abf94770c2dd986845a2a/docs/MainHelp/1.2.043.1/%D0%93%D0%BB%D0%B0%D0%B2%D0%B011/%D0%9A%D0%B0%D0%BA%D0%9E%D1%82%D0%BA%D1%80%D1%8B%D1%82%D1%8C%D0%9E%D0%BA%D0%BD%D0%BE%D0%92%D1%81%D0%B5%D0%A4%D1%83%D0%BD%D0%BA%D1%86%D0%B8%D0%B8%D0%A1%D0%9F%D0%BE%D0%BC%D0%BE%D1%89%D1%8C%D1%8EUIAutomation.MD,995a2d3cd7d8bf747f7208c65ae28c8a8cb6fcbfc0a8382c0d830509d84f34ea
pages/d651f2afdc9de445.md,Как Открыть Окно ОПрограмме ИПолучить Данные Лицензий,docs/MainHelp/1.2.043.1/Глава11/КакОткрытьОкноОПрограммеИПолучитьДанныеЛицензий.MD,Как Открыть Окно ОПрограмме ИПолучить Данные Лицензий,https://github.com/Pr-Mex/vanessa-automation/blob/a2d584ced20332e7174abf94770c2dd986845a2a/docs/MainHelp/1.2.043.1/%D0%93%D0%BB%D0%B0%D0%B2%D0%B011/%D0%9A%D0%B0%D0%BA%D0%9E%D1%82%D0%BA%D1%80%D1%8B%D1%82%D1%8C%D0%9E%D0%BA%D0%BD%D0%BE%D0%9E%D0%9F%D1%80%D0%BE%D0%B3%D1%80%D0%B0%D0%BC%D0%BC%D0%B5%D0%98%D0%9F%D0%BE%D0%BB%D1%83%D1%87%D0%B8%D1%82%D1%8C%D0%94%D0%B0%D0%BD%D0%BD%D1%8B%D0%B5%D0%9B%D0%B8%D1%86%D0%B5%D0%BD%D0%B7%D0%B8%D0%B9.MD,85966546f89535eb6e9a0614f9b23f27edb4542ebe9c2150e4109b0e0e9054f5
pages/0eda3b0e09faa132.md,Шаги Для Работы СUIAutomation,docs/MainHelp/1.2.043.1/Глава11/ШагиДляРаботыСUIAutomation.MD,Шаги Для Работы СUIAutomation,https://github.com/Pr-Mex/vanessa-automation/blob/a2d584ced20332e7174abf94770c2dd986845a2a/docs/MainHelp/1.2.043.1/%D0%93%D0%BB%D0%B0%D0%B2%D0%B011/%D0%A8%D0%B0%D0%B3%D0%B8%D0%94%D0%BB%D1%8F%D0%A0%D0%B0%D0%B1%D0%BE%D1%82%D1%8B%D0%A1UIAutomation.MD,40c6dbd3e493b763e0657cf7367e8afc70f8ba8e3b8777e240b6ca60701ccece
pages/ac57360a62f6d294.md,Описание Работы СРасширением VAExtension,docs/MainHelp/1.2.043.1/Глава12/ОписаниеРаботыСРасширениемVAExtension.MD,Описание Работы СРасширением VAExtension,https://github.com/Pr-Mex/vanessa-automation/blob/a2d584ced20332e7174abf94770c2dd986845a2a/docs/MainHelp/1.2.043.1/%D0%93%D0%BB%D0%B0%D0%B2%D0%B012/%D0%9E%D0%BF%D0%B8%D1%81%D0%B0%D0%BD%D0%B8%D0%B5%D0%A0%D0%B0%D0%B1%D0%BE%D1%82%D1%8B%D0%A1%D0%A0%D0%B0%D1%81%D1%88%D0%B8%D1%80%D0%B5%D0%BD%D0%B8%D0%B5%D0%BCVAExtension.MD,ecf6f7aceafdae995871706edc04f5a29d5ead2485eaa721e78ed9bd36e2f715
pages/15ccfa70fcaa8a51.md,Контекстное Меню Редактора Выполнение Сценария,docs/MainHelp/1.2.043.1/Глава13/КонтекстноеМенюРедактораВыполнениеСценария.MD,Контекстное Меню Редактора Выполнение Сценария,https://github.com/Pr-Mex/vanessa-automation/blob/a2d584ced20332e7174abf94770c2dd986845a2a/docs/MainHelp/1.2.043.1/%D0%93%D0%BB%D0%B0%D0%B2%D0%B013/%D0%9A%D0%BE%D0%BD%D1%82%D0%B5%D0%BA%D1%81%D1%82%D0%BD%D0%BE%D0%B5%D0%9C%D0%B5%D0%BD%D1%8E%D0%A0%D0%B5%D0%B4%D0%B0%D0%BA%D1%82%D0%BE%D1%80%D0%B0%D0%92%D1%8B%D0%BF%D0%BE%D0%BB%D0%BD%D0%B5%D0%BD%D0%B8%D0%B5%D0%A1%D1%86%D0%B5%D0%BD%D0%B0%D1%80%D0%B8%D1%8F.MD,4e94e565c2a1d4be4db2d7c6695e1e45691ee3bf3ef8bd24c1dd126e4438b4ff
pages/97acce8e46a8d60f.md,Контекстное Меню Редактора Заменить Шаг Проверки По Имени На Шаг Проверки По Заголовку,docs/MainHelp/1.2.043.1/Глава13/КонтекстноеМенюРедактораЗаменитьШагПроверкиПоИмениНаШагПроверкиПоЗаголовку.MD,Контекстное Меню Редактора Заменить Шаг Проверки По Имени На Шаг Проверки По Заголовку,https://github.com/Pr-Mex/vanessa-automation/blob/a2d584ced20332e7174abf94770c2dd986845a2a/docs/MainHelp/1.2.043.1/%D0%93%D0%BB%D0%B0%D0%B2%D0%B013/%D0%9A%D0%BE%D0%BD%D1%82%D0%B5%D0%BA%D1%81%D1%82%D0%BD%D0%BE%D0%B5%D0%9C%D0%B5%D0%BD%D1%8E%D0%A0%D0%B5%D0%B4%D0%B0%D0%BA%D1%82%D0%BE%D1%80%D0%B0%D0%97%D0%B0%D0%BC%D0%B5%D0%BD%D0%B8%D1%82%D1%8C%D0%A8%D0%B0%D0%B3%D0%9F%D1%80%D0%BE%D0%B2%D0%B5%D1%80%D0%BA%D0%B8%D0%9F%D0%BE%D0%98%D0%BC%D0%B5%D0%BD%D0%B8%D0%9D%D0%B0%D0%A8%D0%B0%D0%B3%D0%9F%D1%80%D0%BE%D0%B2%D0%B5%D1%80%D0%BA%D0%B8%D0%9F%D0%BE%D0%97%D0%B0%D0%B3%D0%BE%D0%BB%D0%BE%D0%B2%D0%BA%D1%83.MD,4eaaf7a7c225b595a7eb2948c0dfaec142f9a0aad62ad8f9d1bdcd56c3823252
pages/528f16abc4294115.md,Контекстное Меню Редактора Контекстное Меню Monaco,docs/MainHelp/1.2.043.1/Глава13/КонтекстноеМенюРедактораКонтекстноеМенюMonaco.MD,Контекстное Меню Редактора Контекстное Меню Monaco,https://github.com/Pr-Mex/vanessa-automation/blob/a2d584ced20332e7174abf94770c2dd986845a2a/docs/MainHelp/1.2.043.1/%D0%93%D0%BB%D0%B0%D0%B2%D0%B013/%D0%9A%D0%BE%D0%BD%D1%82%D0%B5%D0%BA%D1%81%D1%82%D0%BD%D0%BE%D0%B5%D0%9C%D0%B5%D0%BD%D1%8E%D0%A0%D0%B5%D0%B4%D0%B0%D0%BA%D1%82%D0%BE%D1%80%D0%B0%D0%9A%D0%BE%D0%BD%D1%82%D0%B5%D0%BA%D1%81%D1%82%D0%BD%D0%BE%D0%B5%D0%9C%D0%B5%D0%BD%D1%8EMonaco.MD,af72e6d0e09bb0678b71769ed06743d8d3be1ce8e7f29264504bceb3b4704584
pages/36ecc131da7d2c67.md,Контекстное Меню Редактора Открытие Файлов,docs/MainHelp/1.2.043.1/Глава13/КонтекстноеМенюРедактораОткрытиеФайлов.MD,Контекстное Меню Редактора Открытие Файлов,https://github.com/Pr-Mex/vanessa-automation/blob/a2d584ced20332e7174abf94770c2dd986845a2a/docs/MainHelp/1.2.043.1/%D0%93%D0%BB%D0%B0%D0%B2%D0%B013/%D0%9A%D0%BE%D0%BD%D1%82%D0%B5%D0%BA%D1%81%D1%82%D0%BD%D0%BE%D0%B5%D0%9C%D0%B5%D0%BD%D1%8E%D0%A0%D0%B5%D0%B4%D0%B0%D0%BA%D1%82%D0%BE%D1%80%D0%B0%D0%9E%D1%82%D0%BA%D1%80%D1%8B%D1%82%D0%B8%D0%B5%D0%A4%D0%B0%D0%B9%D0%BB%D0%BE%D0%B2.MD,89720045e79d61bf7a879b58cf5ca6549a5abc2e606e3f27b96e713a42798701
pages/408833408c4a38f3.md,Контекстное Меню Редактора Перейти КСледующей Строке СОшибкой,docs/MainHelp/1.2.043.1/Глава13/КонтекстноеМенюРедактораПерейтиКСледующейСтрокеСОшибкой.MD,Контекстное Меню Редактора Перейти КСледующей Строке СОшибкой,https://github.com/Pr-Mex/vanessa-automation/blob/a2d584ced20332e7174abf94770c2dd986845a2a/docs/MainHelp/1.2.043.1/%D0%93%D0%BB%D0%B0%D0%B2%D0%B013/%D0%9A%D0%BE%D0%BD%D1%82%D0%B5%D0%BA%D1%81%D1%82%D0%BD%D0%BE%D0%B5%D0%9C%D0%B5%D0%BD%D1%8E%D0%A0%D0%B5%D0%B4%D0%B0%D0%BA%D1%82%D0%BE%D1%80%D0%B0%D0%9F%D0%B5%D1%80%D0%B5%D0%B9%D1%82%D0%B8%D0%9A%D0%A1%D0%BB%D0%B5%D0%B4%D1%83%D1%8E%D1%89%D0%B5%D0%B9%D0%A1%D1%82%D1%80%D0%BE%D0%BA%D0%B5%D0%A1%D0%9E%D1%88%D0%B8%D0%B1%D0%BA%D0%BE%D0%B9.MD,dadfc2d0710bc87d212be5e38af0a21a8559dd0dd69d712933a8b7c1a0cdf24b
pages/a163f14db8ba3b43.md,Контекстное Меню Редактора Подбор Шагов,docs/MainHelp/1.2.043.1/Глава13/КонтекстноеМенюРедактораПодборШагов.MD,Контекстное Меню Редактора Подбор Шагов,https://github.com/Pr-Mex/vanessa-automation/blob/a2d584ced20332e7174abf94770c2dd986845a2a/docs/MainHelp/1.2.043.1/%D0%93%D0%BB%D0%B0%D0%B2%D0%B013/%D0%9A%D0%BE%D0%BD%D1%82%D0%B5%D0%BA%D1%81%D1%82%D0%BD%D0%BE%D0%B5%D0%9C%D0%B5%D0%BD%D1%8E%D0%A0%D0%B5%D0%B4%D0%B0%D0%BA%D1%82%D0%BE%D1%80%D0%B0%D0%9F%D0%BE%D0%B4%D0%B1%D0%BE%D1%80%D0%A8%D0%B0%D0%B3%D0%BE%D0%B2.MD,465ae659f7928cb9367d72d4ce6787781b7281336f213dd57d1ffc152cc75a54
pages/bbe4043bc17d9fc4.md,Контекстное Меню Редактора Получить Макет По Таблице Gherkin,docs/MainHelp/1.2.043.1/Глава13/КонтекстноеМенюРедактораПолучитьМакетПоТаблицеGherkin.MD,Контекстное Меню Редактора Получить Макет По Таблице Gherkin,https://github.com/Pr-Mex/vanessa-automation/blob/a2d584ced20332e7174abf94770c2dd986845a2a/docs/MainHelp/1.2.043.1/%D0%93%D0%BB%D0%B0%D0%B2%D0%B013/%D0%9A%D0%BE%D0%BD%D1%82%D0%B5%D0%BA%D1%81%D1%82%D0%BD%D0%BE%D0%B5%D0%9C%D0%B5%D0%BD%D1%8E%D0%A0%D0%B5%D0%B4%D0%B0%D0%BA%D1%82%D0%BE%D1%80%D0%B0%D0%9F%D0%BE%D0%BB%D1%83%D1%87%D0%B8%D1%82%D1%8C%D0%9C%D0%B0%D0%BA%D0%B5%D1%82%D0%9F%D0%BE%D0%A2%D0%B0%D0%B1%D0%BB%D0%B8%D1%86%D0%B5Gherkin.MD,0096d80f0affa161417d95641ff48c8478aab2da208d277a08aa442995f79ccb
pages/78646c9ba00287ee.md,Контекстное Меню Редактора Получить Шаги По Данным Клиента Тестирования,docs/MainHelp/1.2.043.1/Глава13/КонтекстноеМенюРедактораПолучитьШагиПоДаннымКлиентаТестирования.MD,Контекстное Меню Редактора Получить Шаги По Данным Клиента Тестирования,https://github.com/Pr-Mex/vanessa-automation/blob/a2d584ced20332e7174abf94770c2dd986845a2a/docs/MainHelp/1.2.043.1/%D0%93%D0%BB%D0%B0%D0%B2%D0%B013/%D0%9A%D0%BE%D0%BD%D1%82%D0%B5%D0%BA%D1%81%D1%82%D0%BD%D0%BE%D0%B5%D0%9C%D0%B5%D0%BD%D1%8E%D0%A0%D0%B5%D0%B4%D0%B0%D0%BA%D1%82%D0%BE%D1%80%D0%B0%D0%9F%D0%BE%D0%BB%D1%83%D1%87%D0%B8%D1%82%D1%8C%D0%A8%D0%B0%D0%B3%D0%B8%D0%9F%D0%BE%D0%94%D0%B0%D0%BD%D0%BD%D1%8B%D0%BC%D0%9A%D0%BB%D0%B8%D0%B5%D0%BD%D1%82%D0%B0%D0%A2%D0%B5%D1%81%D1%82%D0%B8%D1%80%D0%BE%D0%B2%D0%B0%D0%BD%D0%B8%D1%8F.MD,9e519cdf90caf7af57ad43e2fe8322c41a519b69e1d7eb7bc3613c518d1b852c
pages/00dc532c6ee66772.md,Контекстное Меню Редактора Редактор Таблиц Gherkin,docs/MainHelp/1.2.043.1/Глава13/КонтекстноеМенюРедактораРедакторТаблицGherkin.MD,Контекстное Меню Редактора Редактор Таблиц Gherkin,https://github.com/Pr-Mex/vanessa-automation/blob/a2d584ced20332e7174abf94770c2dd986845a2a/docs/MainHelp/1.2.043.1/%D0%93%D0%BB%D0%B0%D0%B2%D0%B013/%D0%9A%D0%BE%D0%BD%D1%82%D0%B5%D0%BA%D1%81%D1%82%D0%BD%D0%BE%D0%B5%D0%9C%D0%B5%D0%BD%D1%8E%D0%A0%D0%B5%D0%B4%D0%B0%D0%BA%D1%82%D0%BE%D1%80%D0%B0%D0%A0%D0%B5%D0%B4%D0%B0%D0%BA%D1%82%D0%BE%D1%80%D0%A2%D0%B0%D0%B1%D0%BB%D0%B8%D1%86Gherkin.MD,4b783642d47c93fcdb025034890a2d6fde848d8688a24668353e3c136b17a5da
pages/0c9195d5e30b617c.md,Контекстное Меню Редактора Точки Останова,docs/MainHelp/1.2.043.1/Глава13/КонтекстноеМенюРедактораТочкиОстанова.MD,Контекстное Меню Редактора Точки Останова,https://github.com/Pr-Mex/vanessa-automation/blob/a2d584ced20332e7174abf94770c2dd986845a2a/docs/MainHelp/1.2.043.1/%D0%93%D0%BB%D0%B0%D0%B2%D0%B013/%D0%9A%D0%BE%D0%BD%D1%82%D0%B5%D0%BA%D1%81%D1%82%D0%BD%D0%BE%D0%B5%D0%9C%D0%B5%D0%BD%D1%8E%D0%A0%D0%B5%D0%B4%D0%B0%D0%BA%D1%82%D0%BE%D1%80%D0%B0%D0%A2%D0%BE%D1%87%D0%BA%D0%B8%D0%9E%D1%81%D1%82%D0%B0%D0%BD%D0%BE%D0%B2%D0%B0.MD,ddc6ad6e6dd072618400738bceb3b8a58f4f53460798d504cf5ead98be1e23f8
pages/31ec8eca4031208c.md,Описание Прямой Работы СБраузером,docs/MainHelp/1.2.043.1/Глава14/ОписаниеПрямойРаботыСБраузером.MD,Описание Прямой Работы СБраузером,https://github.com/Pr-Mex/vanessa-automation/blob/a2d584ced20332e7174abf94770c2dd986845a2a/docs/MainHelp/1.2.043.1/%D0%93%D0%BB%D0%B0%D0%B2%D0%B014/%D0%9E%D0%BF%D0%B8%D1%81%D0%B0%D0%BD%D0%B8%D0%B5%D0%9F%D1%80%D1%8F%D0%BC%D0%BE%D0%B9%D0%A0%D0%B0%D0%B1%D0%BE%D1%82%D1%8B%D0%A1%D0%91%D1%80%D0%B0%D1%83%D0%B7%D0%B5%D1%80%D0%BE%D0%BC.MD,95fd52f73d445380ce907dd5a4d3733b92c5858171e14a2951a48a878019c626
pages/00e24bb54328b618.md,Появилось Сообщение Неизвестный Идентификатор Формы,docs/MainHelp/1.2.043.1/Глава15/ПоявилосьСообщениеНеизвестныйИдентификаторФормы.MD,Появилось Сообщение Неизвестный Идентификатор Формы,https://github.com/Pr-Mex/vanessa-automation/blob/a2d584ced20332e7174abf94770c2dd986845a2a/docs/MainHelp/1.2.043.1/%D0%93%D0%BB%D0%B0%D0%B2%D0%B015/%D0%9F%D0%BE%D1%8F%D0%B2%D0%B8%D0%BB%D0%BE%D1%81%D1%8C%D0%A1%D0%BE%D0%BE%D0%B1%D1%89%D0%B5%D0%BD%D0%B8%D0%B5%D0%9D%D0%B5%D0%B8%D0%B7%D0%B2%D0%B5%D1%81%D1%82%D0%BD%D1%8B%D0%B9%D0%98%D0%B4%D0%B5%D0%BD%D1%82%D0%B8%D1%84%D0%B8%D0%BA%D0%B0%D1%82%D0%BE%D1%80%D0%A4%D0%BE%D1%80%D0%BC%D1%8B.MD,14c08e951012156b25cabf6d146a7cd7f46f45237e34e5b8a6ce40114dd659cc
pages/379d484bbbf6b026.md,Появилось Сообщение Обнаружен Запрет Синхронных Вызовов,docs/MainHelp/1.2.043.1/Глава15/ПоявилосьСообщениеОбнаруженЗапретСинхронныхВызовов.MD,Появилось Сообщение Обнаружен Запрет Синхронных Вызовов,https://github.com/Pr-Mex/vanessa-automation/blob/a2d584ced20332e7174abf94770c2dd986845a2a/docs/MainHelp/1.2.043.1/%D0%93%D0%BB%D0%B0%D0%B2%D0%B015/%D0%9F%D0%BE%D1%8F%D0%B2%D0%B8%D0%BB%D0%BE%D1%81%D1%8C%D0%A1%D0%BE%D0%BE%D0%B1%D1%89%D0%B5%D0%BD%D0%B8%D0%B5%D0%9E%D0%B1%D0%BD%D0%B0%D1%80%D1%83%D0%B6%D0%B5%D0%BD%D0%97%D0%B0%D0%BF%D1%80%D0%B5%D1%82%D0%A1%D0%B8%D0%BD%D1%85%D1%80%D0%BE%D0%BD%D0%BD%D1%8B%D1%85%D0%92%D1%8B%D0%B7%D0%BE%D0%B2%D0%BE%D0%B2.MD,40c5f2bf213a16949f09756958e204e1f464ed99ce429ecd8eb7b30ecd944e7f
pages/037ef2743d0403c8.md,Как ВЦикле Обойти Таблицу Объявленную ВСекции Переменные,docs/MainHelp/1.2.043.1/Глава16/КакВЦиклеОбойтиТаблицуОбъявленнуюВСекцииПеременные.MD,Как ВЦикле Обойти Таблицу Объявленную ВСекции Переменные,https://github.com/Pr-Mex/vanessa-automation/blob/a2d584ced20332e7174abf94770c2dd986845a2a/docs/MainHelp/1.2.043.1/%D0%93%D0%BB%D0%B0%D0%B2%D0%B016/%D0%9A%D0%B0%D0%BA%D0%92%D0%A6%D0%B8%D0%BA%D0%BB%D0%B5%D0%9E%D0%B1%D0%BE%D0%B9%D1%82%D0%B8%D0%A2%D0%B0%D0%B1%D0%BB%D0%B8%D1%86%D1%83%D0%9E%D0%B1%D1%8A%D1%8F%D0%B2%D0%BB%D0%B5%D0%BD%D0%BD%D1%83%D1%8E%D0%92%D0%A1%D0%B5%D0%BA%D1%86%D0%B8%D0%B8%D0%9F%D0%B5%D1%80%D0%B5%D0%BC%D0%B5%D0%BD%D0%BD%D1%8B%D0%B5.MD,824edc1438dcd72533ad2a125a437fd826fd0ea31f21947f3d0226b9fa4e2067
pages/ae32d134df0e4f65.md,Как ВЭкспортный Сценарий Передавать Многострочную Строку ВКачестве Параметра,docs/MainHelp/1.2.043.1/Глава16/КакВЭкспортныйСценарийПередаватьМногострочнуюСтрокуВКачествеПараметра.MD,Как ВЭкспортный Сценарий Передавать Многострочную Строку ВКачестве Параметра,https://github.com/Pr-Mex/vanessa-automation/blob/a2d584ced20332e7174abf94770c2dd986845a2a/docs/MainHelp/1.2.043.1/%D0%93%D0%BB%D0%B0%D0%B2%D0%B016/%D0%9A%D0%B0%D0%BA%D0%92%D0%AD%D0%BA%D1%81%D0%BF%D0%BE%D1%80%D1%82%D0%BD%D1%8B%D0%B9%D0%A1%D1%86%D0%B5%D0%BD%D0%B0%D1%80%D0%B8%D0%B9%D0%9F%D0%B5%D1%80%D0%B5%D0%B4%D0%B0%D0%B2%D0%B0%D1%82%D1%8C%D0%9C%D0%BD%D0%BE%D0%B3%D0%BE%D1%81%D1%82%D1%80%D0%BE%D1%87%D0%BD%D1%83%D1%8E%D0%A1%D1%82%D1%80%D0%BE%D0%BA%D1%83%D0%92%D0%9A%D0%B0%D1%87%D0%B5%D1%81%D1%82%D0%B2%D0%B5%D0%9F%D0%B0%D1%80%D0%B0%D0%BC%D0%B5%D1%82%D1%80%D0%B0.MD,5472f9aa9602c28d818dd29349774a13eb4ac49c69cddeb15b4e7cfae888f919
pages/006f54ea1a0c8a89.md,Как Проверить Что Документ Проведен Не Могу Найти Подходящий Шаг ВБиблиотеке,docs/MainHelp/1.2.043.1/Глава16/КакПроверитьЧтоДокументПроведенНеМогуНайтиПодходящийШагВБиблиотеке.MD,Как Проверить Что Документ Проведен Не Могу Найти Подходящий Шаг ВБиблиотеке,https://github.com/Pr-Mex/vanessa-automation/blob/a2d584ced20332e7174abf94770c2dd986845a2a/docs/MainHelp/1.2.043.1/%D0%93%D0%BB%D0%B0%D0%B2%D0%B016/%D0%9A%D0%B0%D0%BA%D0%9F%D1%80%D0%BE%D0%B2%D0%B5%D1%80%D0%B8%D1%82%D1%8C%D0%A7%D1%82%D0%BE%D0%94%D0%BE%D0%BA%D1%83%D0%BC%D0%B5%D0%BD%D1%82%D0%9F%D1%80%D0%BE%D0%B2%D0%B5%D0%B4%D0%B5%D0%BD%D0%9D%D0%B5%D0%9C%D0%BE%D0%B3%D1%83%D0%9D%D0%B0%D0%B9%D1%82%D0%B8%D0%9F%D0%BE%D0%B4%D1%85%D0%BE%D0%B4%D1%8F%D1%89%D0%B8%D0%B9%D0%A8%D0%B0%D0%B3%D0%92%D0%91%D0%B8%D0%B1%D0%BB%D0%B8%D0%BE%D1%82%D0%B5%D0%BA%D0%B5.MD,38c629bd266dad4372d147f95a0d7a150d2ea3d464bd0da4e3b0baaec7f914c9
pages/8519ec53e87ddfbd.md,Могут Ли Тесты Покрыть Сценарий Работы Пользователей ВНескольких Базах,docs/MainHelp/1.2.043.1/Глава16/МогутЛиТестыПокрытьСценарийРаботыПользователейВНесколькихБазах.MD,Могут Ли Тесты Покрыть Сценарий Работы Пользователей ВНескольких Базах,https://github.com/Pr-Mex/vanessa-automation/blob/a2d584ced20332e7174abf94770c2dd986845a2a/docs/MainHelp/1.2.043.1/%D0%93%D0%BB%D0%B0%D0%B2%D0%B016/%D0%9C%D0%BE%D0%B3%D1%83%D1%82%D0%9B%D0%B8%D0%A2%D0%B5%D1%81%D1%82%D1%8B%D0%9F%D0%BE%D0%BA%D1%80%D1%8B%D1%82%D1%8C%D0%A1%D1%86%D0%B5%D0%BD%D0%B0%D1%80%D0%B8%D0%B9%D0%A0%D0%B0%D0%B1%D0%BE%D1%82%D1%8B%D0%9F%D0%BE%D0%BB%D1%8C%D0%B7%D0%BE%D0%B2%D0%B0%D1%82%D0%B5%D0%BB%D0%B5%D0%B9%D0%92%D0%9D%D0%B5%D1%81%D0%BA%D0%BE%D0%BB%D1%8C%D0%BA%D0%B8%D1%85%D0%91%D0%B0%D0%B7%D0%B0%D1%85.MD,43706b6936e57e8ac4be2f271e5bf3d41122a4bff58cf6a2782c6eba625235b8
pages/120fd2b82d4887d2.md,Почему Асинхронный Шаг СЯвным Таймаутом,docs/MainHelp/1.2.043.1/Глава16/ПочемуАсинхронныйШагСЯвнымТаймаутом.MD,Почему Асинхронный Шаг СЯвным Таймаутом,https://github.com/Pr-Mex/vanessa-automation/blob/a2d584ced20332e7174abf94770c2dd986845a2a/docs/MainHelp/1.2.043.1/%D0%93%D0%BB%D0%B0%D0%B2%D0%B016/%D0%9F%D0%BE%D1%87%D0%B5%D0%BC%D1%83%D0%90%D1%81%D0%B8%D0%BD%D1%85%D1%80%D0%BE%D0%BD%D0%BD%D1%8B%D0%B9%D0%A8%D0%B0%D0%B3%D0%A1%D0%AF%D0%B2%D0%BD%D1%8B%D0%BC%D0%A2%D0%B0%D0%B9%D0%BC%D0%B0%D1%83%D1%82%D0%BE%D0%BC.MD,b217344990da4f5a076454e4fafb068a6f6a672d3dbac408ca65f9d0ab0074e2
pages/09c2da5b4897897a.md,Создавать Тестовые Данные ВРамках Сценария Или Эталонная База,docs/MainHelp/1.2.043.1/Глава16/СоздаватьТестовыеДанныеВРамкахСценарияИлиЭталоннаяБаза.MD,Создавать Тестовые Данные ВРамках Сценария Или Эталонная База,https://github.com/Pr-Mex/vanessa-automation/blob/a2d584ced20332e7174abf94770c2dd986845a2a/docs/MainHelp/1.2.043.1/%D0%93%D0%BB%D0%B0%D0%B2%D0%B016/%D0%A1%D0%BE%D0%B7%D0%B4%D0%B0%D0%B2%D0%B0%D1%82%D1%8C%D0%A2%D0%B5%D1%81%D1%82%D0%BE%D0%B2%D1%8B%D0%B5%D0%94%D0%B0%D0%BD%D0%BD%D1%8B%D0%B5%D0%92%D0%A0%D0%B0%D0%BC%D0%BA%D0%B0%D1%85%D0%A1%D1%86%D0%B5%D0%BD%D0%B0%D1%80%D0%B8%D1%8F%D0%98%D0%BB%D0%B8%D0%AD%D1%82%D0%B0%D0%BB%D0%BE%D0%BD%D0%BD%D0%B0%D1%8F%D0%91%D0%B0%D0%B7%D0%B0.MD,9cb8f06762223cd091eb6e1868a9648b07d246e89d364c961ddc72cef7506e08
pages/0f96f973e50dc0f7.md,Хранить Тестовые Данные ВГит Репозитории Это Нормальная Практика,docs/MainHelp/1.2.043.1/Глава16/ХранитьТестовыеДанныеВГитРепозиторииЭтоНормальнаяПрактика.MD,Хранить Тестовые Данные ВГит Репозитории Это Нормальная Практика,https://github.com/Pr-Mex/vanessa-automation/blob/a2d584ced20332e7174abf94770c2dd986845a2a/docs/MainHelp/1.2.043.1/%D0%93%D0%BB%D0%B0%D0%B2%D0%B016/%D0%A5%D1%80%D0%B0%D0%BD%D0%B8%D1%82%D1%8C%D0%A2%D0%B5%D1%81%D1%82%D0%BE%D0%B2%D1%8B%D0%B5%D0%94%D0%B0%D0%BD%D0%BD%D1%8B%D0%B5%D0%92%D0%93%D0%B8%D1%82%D0%A0%D0%B5%D0%BF%D0%BE%D0%B7%D0%B8%D1%82%D0%BE%D1%80%D0%B8%D0%B8%D0%AD%D1%82%D0%BE%D0%9D%D0%BE%D1%80%D0%BC%D0%B0%D0%BB%D1%8C%D0%BD%D0%B0%D1%8F%D0%9F%D1%80%D0%B0%D0%BA%D1%82%D0%B8%D0%BA%D0%B0.MD,4ff27981293513852fdc3397a24e31850402bd009fce1c506c80849740f31a2c
pages/98fdf51e0e2e6917.md,Статус возврата,docs/ReturnStatus/ReturnStatus.md,Статус возврата,https://github.com/Pr-Mex/vanessa-automation/blob/a2d584ced20332e7174abf94770c2dd986845a2a/docs/ReturnStatus/ReturnStatus.md,f5927a341f18dbbace8ec66fa89210fcc2057fde8499d46b908d8fd7fa6244c7
pages/4cb7e68e38f57e91.md,Основные настройки,docs/Smoke/Smoke.md,Основные настройки,https://github.com/Pr-Mex/vanessa-automation/blob/a2d584ced20332e7174abf94770c2dd986845a2a/docs/Smoke/Smoke.md,3ee2d00d0862cbf8e1e96f5d13d4bdfe8aff22f6a2e669cd48eb90b20b5b97bf
pages/e190de8b0d3e4a0f.md,Пакетное формирование фича-файлов,docs/Smoke/Smoke.md,Пакетное формирование фича-файлов,https://github.com/Pr-Mex/vanessa-automation/blob/a2d584ced20332e7174abf94770c2dd986845a2a/docs/Smoke/Smoke.md,ab7da3bde1f392fb662cd918fdc7247325d0cb6e96882b1481a72a3e5ac0c1ae
pages/74e237ac5feba5f7.md,Формирование сценариев по метаданным,docs/Smoke/Smoke.md,Формирование сценариев по метаданным,https://github.com/Pr-Mex/vanessa-automation/blob/a2d584ced20332e7174abf94770c2dd986845a2a/docs/Smoke/Smoke.md,101a6556800886e04539db26db87c5771764a0e520f99cb11a63b651651369c9
pages/8a28cc4e725136d4.md,Подготовка и загрузка данных,docs/TestDataGenerator/TestDataGenerator.md,Подготовка и загрузка данных,https://github.com/Pr-Mex/vanessa-automation/blob/a2d584ced20332e7174abf94770c2dd986845a2a/docs/TestDataGenerator/TestDataGenerator.md,fb76dfcb0661254b03258880c40725ac851ee4f1033af8e30bc19477d4a95b78
pages/5755421455563122.md,Применение обработки,docs/TestDataGenerator/TestDataGenerator.md,Применение обработки,https://github.com/Pr-Mex/vanessa-automation/blob/a2d584ced20332e7174abf94770c2dd986845a2a/docs/TestDataGenerator/TestDataGenerator.md,e1995726b6a1d9b8d3b671fbfb48a3ad7d44d0fa2e0705e79e51ae4f0625def8
pages/6ae6a67e190cb660.md,Расширение VAExtension,docs/VAExtension/VAExtension.md,Расширение VAExtension,https://github.com/Pr-Mex/vanessa-automation/blob/a2d584ced20332e7174abf94770c2dd986845a2a/docs/VAExtension/VAExtension.md,da32f29c570d3181e96ae3d4ea3b203ad5a3687d1386a73785ee766271facaf5
pages/4f9de8981c261018.md,"1. Открытие окна ""Функции технического специалиста"" (Все функции).",docs/VAExtension/VAExtension.md,"1. Открытие окна ""Функции технического специалиста"" (Все функции).",https://github.com/Pr-Mex/vanessa-automation/blob/a2d584ced20332e7174abf94770c2dd986845a2a/docs/VAExtension/VAExtension.md,adb78be4f73fdf48471db70e702333d8fffeba13876d9e49010ac980cd39d779
pages/67682319fa0c8b39.md,2. Выполнить ожидание завершения фоновых заданий на стороне клиента тестирования.,docs/VAExtension/VAExtension.md,2. Выполнить ожидание завершения фоновых заданий на стороне клиента тестирования.,https://github.com/Pr-Mex/vanessa-automation/blob/a2d584ced20332e7174abf94770c2dd986845a2a/docs/VAExtension/VAExtension.md,b091bd5e80cd22c8b8c4e35117a1f1c1c99b6a5291bab8fac90fc03719c16e5f
pages/97545a8392aa72b0.md,"3. Получить навигационную ссылку окна для любых окон, у которых возможно получить навигационную ссылку.",docs/VAExtension/VAExtension.md,"3. Получить навигационную ссылку окна для любых окон, у которых возможно получить навигационную ссылку.",https://github.com/Pr-Mex/vanessa-automation/blob/a2d584ced20332e7174abf94770c2dd986845a2a/docs/VAExtension/VAExtension.md,6a5e247eb364dd5b444a578c1fd14b22f06ced398bc279b2d982f2e354c9714a
pages/6b403c496f506dca.md,4. Выполнить произвольный код на стороне клиента тестирования (клиентский код и серверный код).,docs/VAExtension/VAExtension.md,4. Выполнить произвольный код на стороне клиента тестирования (клиентский код и серверный код).,https://github.com/Pr-Mex/vanessa-automation/blob/a2d584ced20332e7174abf94770c2dd986845a2a/docs/VAExtension/VAExtension.md,225d2e4a6996012cacc0d81a9ca36736f1b340f6af9c484349e79e6217a0f2ba
pages/53d3c2f687eecbfa.md,5. Вычислить произвольное выражение на стороне клиента тестирования (клиентский код и серверный код).,docs/VAExtension/VAExtension.md,5. Вычислить произвольное выражение на стороне клиента тестирования (клиентский код и серверный код).,https://github.com/Pr-Mex/vanessa-automation/blob/a2d584ced20332e7174abf94770c2dd986845a2a/docs/VAExtension/VAExtension.md,9127f218857c6be02456308cc265dc8ced9daa47b90fd3e091dd176c1da70103
pages/9a250acfc0ce2843.md,"6.1 Получить произвольное значение из реквизита формы, объекта связанного с формой.",docs/VAExtension/VAExtension.md,"6.1 Получить произвольное значение из реквизита формы, объекта связанного с формой.",https://github.com/Pr-Mex/vanessa-automation/blob/a2d584ced20332e7174abf94770c2dd986845a2a/docs/VAExtension/VAExtension.md,a805988f7a941f3e0aec154f452e7eba20e422d1b2c7923027f03212d477d47c
pages/bf546b8871f3f496.md,"6.2 Получить произвольное значение из реквизита формы, объекта связанного с формой.",docs/VAExtension/VAExtension.md,"6.2 Получить произвольное значение из реквизита формы, объекта связанного с формой.",https://github.com/Pr-Mex/vanessa-automation/blob/a2d584ced20332e7174abf94770c2dd986845a2a/docs/VAExtension/VAExtension.md,5a9556524bb0f79085ed4a53530cc840ad30579e01b301db132e74b1c75b5c71
pages/346f5f070c51a0bc.md,"7. Изменять произвольные данные формы, доступные для записи.",docs/VAExtension/VAExtension.md,"7. Изменять произвольные данные формы, доступные для записи.",https://github.com/Pr-Mex/vanessa-automation/blob/a2d584ced20332e7174abf94770c2dd986845a2a/docs/VAExtension/VAExtension.md,4d20eda4a9383aab02e638d8dd5f1a05a955b9abc0f7fec27597499898a6e769
pages/8f6c7ae098d1bf8f.md,8. Выполнить метод текущей формы.,docs/VAExtension/VAExtension.md,8. Выполнить метод текущей формы.,https://github.com/Pr-Mex/vanessa-automation/blob/a2d584ced20332e7174abf94770c2dd986845a2a/docs/VAExtension/VAExtension.md,07c43947918b1fbfd2c0a876dfe52ad0ce81f4f9871fd6b448ba809393b9fd8d
pages/e35a1c8cf730efe3.md,9. Получать макеты из формы клиента тестирования без использования временных файлов. Также работает в web клиенте.,docs/VAExtension/VAExtension.md,9. Получать макеты из формы клиента тестирования без использования временных файлов. Также работает в web клиенте.,https://github.com/Pr-Mex/vanessa-automation/blob/a2d584ced20332e7174abf94770c2dd986845a2a/docs/VAExtension/VAExtension.md,b2b12ef5239784bbe73c30dc2708bfa10973646474015de7f12ed3dc37d3ee7a
pages/940bf83d70cfa1bc.md,"10. Открытие окна ""Настройка начальной страницы.",docs/VAExtension/VAExtension.md,"10. Открытие окна ""Настройка начальной страницы.",https://github.com/Pr-Mex/vanessa-automation/blob/a2d584ced20332e7174abf94770c2dd986845a2a/docs/VAExtension/VAExtension.md,d00de513b8787e4bcf416b6709bec1533c8d78dec7bda24ad20030cec1e8b89e
pages/3884ca467d3ff546.md,11. Взаимодействие с активным окном.,docs/VAExtension/VAExtension.md,11. Взаимодействие с активным окном.,https://github.com/Pr-Mex/vanessa-automation/blob/a2d584ced20332e7174abf94770c2dd986845a2a/docs/VAExtension/VAExtension.md,8d509792baff3fe613fcb815713d224993ca77ca77814ec70679fb665cee3934
pages/141155d441967894.md,12. Сортировка таблиц динамических списков,docs/VAExtension/VAExtension.md,12. Сортировка таблиц динамических списков,https://github.com/Pr-Mex/vanessa-automation/blob/a2d584ced20332e7174abf94770c2dd986845a2a/docs/VAExtension/VAExtension.md,46a549ea2e74169487365f98d3f40e0682cb4e071da0d3dd85f113b8e5875e62
pages/e63114fecf86f3e7.md,13. Очистка табличного документа,docs/VAExtension/VAExtension.md,13. Очистка табличного документа,https://github.com/Pr-Mex/vanessa-automation/blob/a2d584ced20332e7174abf94770c2dd986845a2a/docs/VAExtension/VAExtension.md,cacb6a03dee209649ec85322ea6787497e38115ad6700a3acc5352515f42543b
pages/8a0521e9723f3821.md,14. Нажать на гиперссылку в поле HTML документа,docs/VAExtension/VAExtension.md,14. Нажать на гиперссылку в поле HTML документа,https://github.com/Pr-Mex/vanessa-automation/blob/a2d584ced20332e7174abf94770c2dd986845a2a/docs/VAExtension/VAExtension.md,6c82e9f0d6ac51f922172beefce6e45003fbacb1f62c00c85a108ab0599d6cd7
pages/3ba1ec001dcaa35d.md,15. Проверить признак модифицированности формы,docs/VAExtension/VAExtension.md,15. Проверить признак модифицированности формы,https://github.com/Pr-Mex/vanessa-automation/blob/a2d584ced20332e7174abf94770c2dd986845a2a/docs/VAExtension/VAExtension.md,0843ddbd7f25e285ba42ee7b17770b577c47929b86a075f1526ec8837557e552
pages/13d72f809bbfe1e1.md,"16. Проверить признак формы ""ТолькоПросмотр""",docs/VAExtension/VAExtension.md,"16. Проверить признак формы ""ТолькоПросмотр""",https://github.com/Pr-Mex/vanessa-automation/blob/a2d584ced20332e7174abf94770c2dd986845a2a/docs/VAExtension/VAExtension.md,38baa70b6ecf32a689ba02d950aa91c8a4c7060a5ff9fc3d604700557567b221
pages/ee161f29b541ed8d.md,"17. Получить состояние объекта (Проведен, ПометкаУдаления, Код, Дата, Номер)",docs/VAExtension/VAExtension.md,"17. Получить состояние объекта (Проведен, ПометкаУдаления, Код, Дата, Номер)",https://github.com/Pr-Mex/vanessa-automation/blob/a2d584ced20332e7174abf94770c2dd986845a2a/docs/VAExtension/VAExtension.md,9490519c91288e7452274f22b88e3aa353a1fba5f8b5e6233b4205ef03e67b25
pages/636129738f49910f.md,18. Открыть внешнюю обработку или отчет,docs/VAExtension/VAExtension.md,18. Открыть внешнюю обработку или отчет,https://github.com/Pr-Mex/vanessa-automation/blob/a2d584ced20332e7174abf94770c2dd986845a2a/docs/VAExtension/VAExtension.md,b95222034bec3540d83f41dbad8fb05da0658b41f4f8faf7ff56b25809bdbbaf
pages/8a25e27eec2d474c.md,19. Запомнить ID UI Automation элемента формы в переменную,docs/VAExtension/VAExtension.md,19. Запомнить ID UI Automation элемента формы в переменную,https://github.com/Pr-Mex/vanessa-automation/blob/a2d584ced20332e7174abf94770c2dd986845a2a/docs/VAExtension/VAExtension.md,f0f0c06ba136522022fa158fb0c30bbf2a1511f5b24178a432b5b83f5a64378c
pages/b82cc059027665ad.md,20. Установка типа элементу формы,docs/VAExtension/VAExtension.md,20. Установка типа элементу формы,https://github.com/Pr-Mex/vanessa-automation/blob/a2d584ced20332e7174abf94770c2dd986845a2a/docs/VAExtension/VAExtension.md,d75d4a9fbe46b8e68305f12718412d91ec5c94ee1ac937148febb23c8d8e9476
pages/166f2608e28daf16.md,21. Эмулятор работы сканера штрихкода,docs/VAExtension/VAExtension.md,21. Эмулятор работы сканера штрихкода,https://github.com/Pr-Mex/vanessa-automation/blob/a2d584ced20332e7174abf94770c2dd986845a2a/docs/VAExtension/VAExtension.md,d22c7f987b36f38c5fd13fb6e238fb9eb124f5e7173e020c778d6a729a9fff4e
pages/5c74480a2ecd698c.md,22. Эмулятор внешних событий в модуле приложения,docs/VAExtension/VAExtension.md,22. Эмулятор внешних событий в модуле приложения,https://github.com/Pr-Mex/vanessa-automation/blob/a2d584ced20332e7174abf94770c2dd986845a2a/docs/VAExtension/VAExtension.md,c3e6e29cb6aef69e2d28f31d14712cd84055a63f076e273a63aae78bd69036c6
pages/7af6d74e05683b67.md,23. Программное проведение документов и отмена проведение документов,docs/VAExtension/VAExtension.md,23. Программное проведение документов и отмена проведение документов,https://github.com/Pr-Mex/vanessa-automation/blob/a2d584ced20332e7174abf94770c2dd986845a2a/docs/VAExtension/VAExtension.md,629092c44e6943f1a4d4b2ab2a3304e6c3083638b839fe2bb9ce618fa3401bcb
pages/a7b6c5ceffdfdc62.md,24. Программное получение состояния объекта (справочника или документа),docs/VAExtension/VAExtension.md,24. Программное получение состояния объекта (справочника или документа),https://github.com/Pr-Mex/vanessa-automation/blob/a2d584ced20332e7174abf94770c2dd986845a2a/docs/VAExtension/VAExtension.md,d5b904c813b256816fb2e05d3721f15e4885f137eae43506b125c6cde9025164
pages/fb6f9a015742f4b6.md,25. Программное сравнение варианта отчета с эталоном,docs/VAExtension/VAExtension.md,25. Программное сравнение варианта отчета с эталоном,https://github.com/Pr-Mex/vanessa-automation/blob/a2d584ced20332e7174abf94770c2dd986845a2a/docs/VAExtension/VAExtension.md,2c1a44a9084f9d70390d323369e4144f4e806aa2721f108e3af0342e289caf3f
pages/8750518978e82d57.md,"26. Запомнить навигационные ссылки, чтобы потом пометить на удаление объекты по ним",docs/VAExtension/VAExtension.md,"26. Запомнить навигационные ссылки, чтобы потом пометить на удаление объекты по ним",https://github.com/Pr-Mex/vanessa-automation/blob/a2d584ced20332e7174abf94770c2dd986845a2a/docs/VAExtension/VAExtension.md,9bd7ded72baec5e7257cb781121dfcb3c1be1125abc2e9c0e294aa6fae0989b2
pages/78052de8c07ed7df.md,27. Как установить текст письма в ДО,docs/VAExtension/VAExtension.md,27. Как установить текст письма в ДО,https://github.com/Pr-Mex/vanessa-automation/blob/a2d584ced20332e7174abf94770c2dd986845a2a/docs/VAExtension/VAExtension.md,00215414239b4ac1839a0badc6a6d03d723f3497c6538a8cbeb72aaea99a600b
pages/f19315ac91bda9b7.md,28. Как узнать какие расширения установлены в клиент тестирования,docs/VAExtension/VAExtension.md,28. Как узнать какие расширения установлены в клиент тестирования,https://github.com/Pr-Mex/vanessa-automation/blob/a2d584ced20332e7174abf94770c2dd986845a2a/docs/VAExtension/VAExtension.md,5189bb428125dae69f0839b10d260d9cf04c68dac5d9ad191c97c0ad6c8cae6f
pages/5cb6337495e81b68.md,29. Открытие текстового файла как будто это сделал пользователь.,docs/VAExtension/VAExtension.md,29. Открытие текстового файла как будто это сделал пользователь.,https://github.com/Pr-Mex/vanessa-automation/blob/a2d584ced20332e7174abf94770c2dd986845a2a/docs/VAExtension/VAExtension.md,dbeecfbcdd11c434c7739298b3d03a539aab90f7af3c86018ba9dbdb5dbbdfb2
pages/c36125367b12d2a1.md,30. Открытие табличного документа как будто это сделал пользователь.,docs/VAExtension/VAExtension.md,30. Открытие табличного документа как будто это сделал пользователь.,https://github.com/Pr-Mex/vanessa-automation/blob/a2d584ced20332e7174abf94770c2dd986845a2a/docs/VAExtension/VAExtension.md,bde6dfc1a5528ec73927934b91d69db42495b36f4e700df9a9653d3d905ed95f
pages/84488428cf5d360e.md,31. Отключение отката текста введенного в поле во время теста.,docs/VAExtension/VAExtension.md,31. Отключение отката текста введенного в поле во время теста.,https://github.com/Pr-Mex/vanessa-automation/blob/a2d584ced20332e7174abf94770c2dd986845a2a/docs/VAExtension/VAExtension.md,4e649e4d74130b17d8f089893f471f04188c566737eb81dedbe4e864506a5b31
pages/1a01d9ee6e22841f.md,32. Получение версии подсистемы.,docs/VAExtension/VAExtension.md,32. Получение версии подсистемы.,https://github.com/Pr-Mex/vanessa-automation/blob/a2d584ced20332e7174abf94770c2dd986845a2a/docs/VAExtension/VAExtension.md,580fdecd93c1ecc421c53e8944d96b43600eb8a493bcc7e29d5ace339616d344
pages/f995b91e52906618.md,"33. Прочитать текущий вариант интерфейса клиента тестирования (Версия8_2, Такси, Версия8_5)",docs/VAExtension/VAExtension.md,"33. Прочитать текущий вариант интерфейса клиента тестирования (Версия8_2, Такси, Версия8_5)",https://github.com/Pr-Mex/vanessa-automation/blob/a2d584ced20332e7174abf94770c2dd986845a2a/docs/VAExtension/VAExtension.md,efcd71672d7bf7a8b19522d3b63caf26746152c1f042308e308ddc2348e44b49
pages/a17d27a321f69f06.md,34. Проверить вариант интерфейса клиента тестирования,docs/VAExtension/VAExtension.md,34. Проверить вариант интерфейса клиента тестирования,https://github.com/Pr-Mex/vanessa-automation/blob/a2d584ced20332e7174abf94770c2dd986845a2a/docs/VAExtension/VAExtension.md,f6f5e00db78eef0a43cd87a0707a7a0851eb584f992691ecc4b4f3fac84d51b1
pages/3af3be7d324cc8f9.md,35. Проверить вариант интерфейса клиента тестирования,docs/VAExtension/VAExtension.md,35. Проверить вариант интерфейса клиента тестирования,https://github.com/Pr-Mex/vanessa-automation/blob/a2d584ced20332e7174abf94770c2dd986845a2a/docs/VAExtension/VAExtension.md,11a2b9538dd20a13945f0e5caa8c202a1a943cffcf20d4faf07978fc4ea60a68
pages/bf196ab98284f657.md,36. Сохранить в переменную ссылку на справочник/документ и т.д. и потом открыть ссылку в клиенте тестирования,docs/VAExtension/VAExtension.md,36. Сохранить в переменную ссылку на справочник/документ и т.д. и потом открыть ссылку в клиенте тестирования,https://github.com/Pr-Mex/vanessa-automation/blob/a2d584ced20332e7174abf94770c2dd986845a2a/docs/VAExtension/VAExtension.md,16c0334adb79a00dfed977cef60b467b804b9c7057956c609c8c12e2504a39ca
pages/a6f7724e3ac61b54.md,Рекомендуемая концепция написания тестовых сценариев,docs/index.md,Рекомендуемая концепция написания тестовых сценариев,https://github.com/Pr-Mex/vanessa-automation/blob/a2d584ced20332e7174abf94770c2dd986845a2a/docs/index.md,d8e6c225a112eefe065ae5aa3ec79c97547ce5745c8407e18f4b70a436ddea84
pages/27641394e6e435da.md,Установка через OneScript,docs/index.md,Установка через OneScript,https://github.com/Pr-Mex/vanessa-automation/blob/a2d584ced20332e7174abf94770c2dd986845a2a/docs/index.md,31db545d2d08f6a5db3b68a42913ccc1a4c001d1ca20ea01b0da1ffba1c8db1f
pages/bbef04db10700513.md,Организация проекта — методика команды,Структура проекта Autotest.docx,Организация проекта — методика команды,,b2e683356d38c3b06250f5a994dea6cec017181d4b5d8b83ccbaee9d461efada
pages/9a2129084f1b02e9.md,Поддержка тестов при обновлении — методика команды,Методика актуализации библиотеки тестов.docx,Поддержка тестов при обновлении — методика команды,,c32d11c150f0c66953f55a7526261f590ee7cb81655cd2585b2ba1d7a9c33a5e
pages/e8eafbf84d078fa4.md,Приёмка сценариев — методика команды,Регламент Vanessa Automation.docx,Приёмка сценариев — методика команды,,da96cc98b5d82cd85222131624107126ff69b942acb63324709f8d8173f91f68
pages/bab9d226bef29f10.md,Лицензия upstream BSD 3-Clause,LICENSE,Лицензия,https://github.com/Pr-Mex/vanessa-automation/blob/a2d584ced20332e7174abf94770c2dd986845a2a/LICENSE,e25361cb199fba6e3cfed0f1a3f5725bd14acb99d070d7e97dee6f0b126ed33d
